Unnamed: 0_level_0_Player,Unnamed: 1_level_0_Nation,Unnamed: 2_level_0_Pos,Unnamed: 3_level_0_Age,Unnamed: 4_level_0_MP,Playing Time_Starts,Playing Time_Min,Playing Time_90s,Performance_Gls,Performance_Ast,Performance_G+A,Performance_G-PK,Performance_PK,Performance_PKatt,Performance_CrdY,Performance_CrdR,Expected_xG,Expected_npxG,Expected_xAG,Expected_npxG+xAG,Progression_PrgC,Progression_PrgP,Progression_PrgR,Per 90 Minutes_Gls,Per 90 Minutes_Ast,Per 90 Minutes_G+A,Per 90 Minutes_G-PK,Per 90 Minutes_G+A-PK,Per 90 Minutes_xG,Per 90 Minutes_xAG,Per 90 Minutes_xG+xAG,Per 90 Minutes_npxG,Per 90 Minutes_npxG+xAG,Unnamed: 33_level_0_Matches,Team,Playing Time_MP
Claudia Dickey,us USA,GK,25-296,25.0,25,2250.0,25.0,0.0,0.0,0.0,0.0,0.0,0.0,0.0,0.0,0.0,0.0,0.0,0.0,0.0,0.0,0.0,0.0,0.0,0.0,0.0,0.0,0.0,0.0,0.0,0.0,0.0,Matches,Seattle Reign FC,
Phoebe McClernon,us USA,DF,27-320,24.0,23,2076.0,23.1,0.0,0.0,0.0,0.0,0.0,0.0,2.0,0.0,0.2,0.2,0.0,0.3,5.0,50.0,1.0,0.0,0.0,0.0,0.0,0.0,0.01,0.0,0.01,0.01,0.01,Matches,Seattle Reign FC,
Jordyn Bugg,us USA,DF,19-079,24.0,23,2059.0,22.9,2.0,0.0,2.0,2.0,0.0,0.0,4.0,0.0,0.4,0.4,0.5,0.9,18.0,69.0,7.0,0.09,0.0,0.09,0.09,0.09,0.02,0.02,0.04,0.02,0.04,Matches,Seattle Reign FC,
Madison Curry,us USA,DF,24-279,25.0,23,1995.0,22.2,0.0,1.0,1.0,0.0,0.0,0.0,2.0,0.0,0.5,0.5,1.4,1.9,35.0,66.0,93.0,0.0,0.05,0.05,0.0,0.05,0.02,0.07,0.09,0.02,0.09,Matches,Seattle Reign FC,
Madeline Dahlien,us USA,"DF,FW",21-096,25.0,21,1817.0,20.2,4.0,4.0,8.0,4.0,0.0,0.0,3.0,0.0,3.5,3.5,1.9,5.5,57.0,31.0,147.0,0.2,0.2,0.4,0.2,0.4,0.18,0.1,0.27,0.18,0.27,Matches,Seattle Reign FC,
Samantha Meza,us USA,MF,23-356,25.0,20,1864.0,20.7,0.0,1.0,1.0,0.0,0.0,0.0,2.0,0.0,0.4,0.4,1.4,1.8,17.0,61.0,20.0,0.0,0.05,0.05,0.0,0.05,0.02,0.07,0.09,0.02,0.09,Matches,Seattle Reign FC,
Jordyn Huitema,ca CAN,FW,24-174,21.0,18,1495.0,16.6,3.0,2.0,5.0,3.0,0.0,0.0,2.0,0.0,3.5,3.5,1.6,5.1,12.0,37.0,74.0,0.18,0.12,0.3,0.18,0.3,0.21,0.09,0.31,0.21,0.31,Matches,Seattle Reign FC,
Lauren Barnes,us USA,DF,36-151,19.0,15,1230.0,13.7,0.0,1.0,1.0,0.0,0.0,0.0,3.0,0.0,0.0,0.0,0.9,0.9,9.0,60.0,6.0,0.0,0.07,0.07,0.0,0.07,0.0,0.07,0.07,0.0,0.07,Matches,Seattle Reign FC,
Sofia Huerta,us USA,DF,32-319,12.0,12,1080.0,12.0,1.0,1.0,2.0,0.0,1.0,1.0,0.0,0.0,1.1,0.4,1.1,1.5,12.0,40.0,24.0,0.08,0.08,0.17,0.0,0.08,0.09,0.09,0.19,0.03,0.13,Matches,Seattle Reign FC,
Emeri Adames,us USA,"MF,FW",19-209,20.0,11,989.0,11.0,6.0,0.0,6.0,5.0,1.0,1.0,0.0,0.0,4.1,3.4,0.9,4.3,24.0,24.0,62.0,0.55,0.0,0.55,0.46,0.46,0.37,0.08,0.45,0.31,0.39,Matches,Seattle Reign FC,
Nérilia Mondésir,ht HAI,"MF,FW",26-285,19.0,11,978.0,10.9,0.0,0.0,0.0,0.0,0.0,0.0,3.0,0.0,1.2,1.2,0.7,1.9,28.0,26.0,56.0,0.0,0.0,0.0,0.0,0.0,0.11,0.07,0.17,0.11,0.17,Matches,Seattle Reign FC,
Angharad James,wls WAL,MF,31-150,14.0,11,892.0,9.9,0.0,0.0,0.0,0.0,0.0,0.0,1.0,0.0,0.1,0.1,0.6,0.7,0.0,23.0,12.0,0.0,0.0,0.0,0.0,0.0,0.01,0.06,0.07,0.01,0.07,Matches,Seattle Reign FC,
Sally Menti,us USA,MF,23-233,14.0,10,927.0,10.3,1.0,1.0,2.0,1.0,0.0,0.0,4.0,0.0,1.1,1.1,0.5,1.7,9.0,38.0,19.0,0.1,0.1,0.19,0.1,0.19,0.11,0.05,0.16,0.11,0.16,Matches,Seattle Reign FC,
Ji So-yun,kr KOR,"MF,FW",34-250,13.0,9,748.0,8.3,2.0,2.0,4.0,1.0,1.0,1.0,1.0,0.0,1.5,0.8,1.8,2.6,14.0,54.0,36.0,0.24,0.24,0.48,0.12,0.36,0.18,0.22,0.4,0.09,0.31,Matches,Seattle Reign FC,
Shae Holmes,us USA,DF,25-235,16.0,8,835.0,9.3,1.0,0.0,1.0,1.0,0.0,0.0,1.0,0.0,0.3,0.3,0.1,0.4,2.0,23.0,15.0,0.11,0.0,0.11,0.11,0.11,0.03,0.01,0.04,0.03,0.04,Matches,Seattle Reign FC,
Lynn Biyendolo,us USA,"FW,MF",32-161,13.0,7,794.0,8.8,2.0,1.0,3.0,2.0,0.0,0.0,0.0,0.0,1.5,1.5,0.8,2.3,6.0,23.0,45.0,0.23,0.11,0.34,0.23,0.34,0.17,0.09,0.26,0.17,0.26,Matches,Seattle Reign FC,
Jess Fishlock,wls WAL,"MF,FW",38-288,16.0,7,747.0,8.3,6.0,2.0,8.0,6.0,0.0,0.0,0.0,0.0,2.7,2.7,1.3,4.0,7.0,36.0,37.0,0.72,0.24,0.96,0.72,0.96,0.32,0.15,0.48,0.32,0.48,Matches,Seattle Reign FC,
Ainsley Mccammon,us USA,MF,18-074,15.0,6,534.0,5.9,1.0,0.0,1.0,1.0,0.0,0.0,0.0,0.0,0.8,0.8,0.2,1.0,1.0,33.0,10.0,0.17,0.0,0.17,0.17,0.17,0.13,0.04,0.17,0.13,0.17,Matches,Seattle Reign FC,
Maddie Mercado,us USA,"FW,MF",24-211,13.0,5,472.0,5.2,0.0,1.0,1.0,0.0,0.0,0.0,0.0,0.0,0.9,0.9,0.5,1.4,7.0,14.0,32.0,0.0,0.19,0.19,0.0,0.19,0.17,0.1,0.26,0.17,0.26,Matches,Seattle Reign FC,
Ana-Maria Crnogorčević,ch SUI,"FW,MF",35-026,12.0,5,391.0,4.3,0.0,0.0,0.0,0.0,0.0,0.0,0.0,0.0,0.6,0.6,0.2,0.8,8.0,11.0,18.0,0.0,0.0,0.0,0.0,0.0,0.15,0.05,0.19,0.15,0.19,Matches,Seattle Reign FC,
Mia Fishel,us USA,"MF,FW",24-182,10.0,3,295.0,3.3,0.0,0.0,0.0,0.0,0.0,0.0,0.0,0.0,0.5,0.5,0.3,0.8,4.0,11.0,15.0,0.0,0.0,0.0,0.0,0.0,0.16,0.08,0.24,0.16,0.24,Matches,Seattle Reign FC,
Emily Mason,us USA,DF,23-006,12.0,2,260.0,2.9,0.0,0.0,0.0,0.0,0.0,0.0,2.0,0.0,0.0,0.0,0.0,0.0,4.0,7.0,3.0,0.0,0.0,0.0,0.0,0.0,0.0,0.01,0.01,0.0,0.01,Matches,Seattle Reign FC,
Olivia Van der Jagt,us USA,MF,26-100,3.0,0,21.0,0.2,0.0,0.0,0.0,0.0,0.0,0.0,0.0,0.0,0.0,0.0,0.0,0.0,0.0,3.0,1.0,0.0,0.0,0.0,0.0,0.0,0.0,0.0,0.0,0.0,0.0,Matches,Seattle Reign FC,
Hanna Glas,se SWE,FW,32-196,1.0,0,1.0,0.0,0.0,0.0,0.0,0.0,0.0,0.0,0.0,0.0,0.0,0.0,0.0,0.0,0.0,0.0,0.0,0.0,0.0,0.0,0.0,0.0,0.0,0.0,0.0,0.0,0.0,Matches,Seattle Reign FC,
Mikayla Cluff,us USA,MF,26-246,0.0,0,,,,,,,,,,,,,,,,,,,,,,,,,,,,Matches,Seattle Reign FC,
Julia Lester,us USA,DF,27-286,0.0,0,,,,,,,,,,,,,,,,,,,,,,,,,,,,Matches,Seattle Reign FC,
Cassie Miller,us USA,GK,30-184,0.0,0,,,,,,,,,,,,,,,,,,,,,,,,,,,,Matches,Seattle Reign FC,
Madison Prohaska,us USA,GK,22-331,0.0,0,,,,,,,,,,,,,,,,,,,,,,,,,,,,Matches,Seattle Reign FC,
Neeku Purcell,us USA,GK,22-022,0.0,0,,,,,,,,,,,,,,,,,,,,,,,,,,,,Matches,Seattle Reign FC,
Squad Total,,,26.3,25.0,275,2250.0,25.0,29.0,17.0,46.0,26.0,3.0,3.0,30.0,0.0,24.6,22.4,16.7,39.1,279.0,740.0,733.0,1.16,0.68,1.84,1.04,1.72,0.98,0.67,1.65,0.89,1.56,,Seattle Reign FC,
Opponent Total,,,27.2,25.0,275,2250.0,25.0,27.0,19.0,46.0,25.0,2.0,2.0,24.0,1.0,38.1,36.6,27.2,63.8,362.0,1051.0,1034.0,1.08,0.76,1.84,1.0,1.76,1.52,1.09,2.61,1.47,2.55,,Seattle Reign FC,
Sam Coffey,us USA,MF,26-302,24.0,24,2131.0,23.7,2.0,4.0,6.0,0.0,2.0,3.0,3.0,0.0,3.1,0.9,1.9,2.8,28.0,126.0,41.0,0.08,0.17,0.25,0.0,0.17,0.13,0.08,0.21,0.04,0.12,Matches,Portland Thorns,
Reyna Reyes,mx MEX,DF,24-255,25.0,24,2112.0,23.5,3.0,1.0,4.0,3.0,0.0,0.0,4.0,0.0,1.6,1.5,1.0,2.5,28.0,89.0,59.0,0.13,0.04,0.17,0.13,0.17,0.07,0.04,0.11,0.06,0.11,Matches,Portland Thorns,
Olivia Moultrie,us USA,"MF,FW",20-042,25.0,23,2071.0,23.0,8.0,1.0,9.0,7.0,1.0,2.0,1.0,0.0,5.5,4.0,5.0,9.0,66.0,114.0,85.0,0.35,0.04,0.39,0.3,0.35,0.24,0.22,0.45,0.17,0.39,Matches,Portland Thorns,
Reilyn Turner,us USA,"FW,MF",23-012,24.0,21,1728.0,19.2,5.0,1.0,6.0,5.0,0.0,0.0,2.0,0.0,8.6,8.6,2.2,10.7,22.0,21.0,119.0,0.26,0.05,0.31,0.26,0.31,0.45,0.11,0.56,0.45,0.56,Matches,Portland Thorns,
Isabella Obaze,dk DEN,DF,22-364,20.0,20,1589.0,17.7,0.0,0.0,0.0,0.0,0.0,0.0,0.0,0.0,0.2,0.2,0.3,0.5,7.0,41.0,8.0,0.0,0.0,0.0,0.0,0.0,0.01,0.01,0.03,0.01,0.03,Matches,Portland Thorns,
Samantha Hiatt,us USA,DF,27-296,20.0,19,1778.0,19.8,0.0,0.0,0.0,0.0,0.0,0.0,2.0,0.0,0.4,0.4,0.2,0.6,2.0,53.0,1.0,0.0,0.0,0.0,0.0,0.0,0.02,0.01,0.03,0.02,0.03,Matches,Portland Thorns,
Mackenzie Arnold,au AUS,GK,31-246,18.0,18,1620.0,18.0,0.0,0.0,0.0,0.0,0.0,0.0,0.0,0.0,0.0,0.0,0.0,0.0,0.0,1.0,0.0,0.0,0.0,0.0,0.0,0.0,0.0,0.0,0.0,0.0,0.0,Matches,Portland Thorns,
Jessie Fleming,ca CAN,MF,27-232,24.0,18,1612.0,17.9,1.0,4.0,5.0,0.0,1.0,1.0,1.0,0.0,1.8,1.1,2.9,4.0,11.0,46.0,46.0,0.06,0.22,0.28,0.0,0.22,0.1,0.16,0.27,0.06,0.22,Matches,Portland Thorns,
Hina Sugita,jp JPN,MF,28-271,22.0,18,1543.0,17.1,0.0,3.0,3.0,0.0,0.0,0.0,2.0,0.0,3.2,3.2,3.5,6.7,15.0,82.0,64.0,0.0,0.17,0.17,0.0,0.17,0.19,0.2,0.39,0.19,0.39,Matches,Portland Thorns,
Jayden Perry,us USA,DF,24-251,17.0,14,1300.0,14.4,3.0,1.0,4.0,0.0,3.0,3.0,2.0,0.0,2.6,0.4,0.1,0.4,5.0,38.0,4.0,0.21,0.07,0.28,0.0,0.07,0.18,0.0,0.18,0.03,0.03,Matches,Portland Thorns,
Deyna Castellanos,ve VEN,"FW,MF",26-194,20.0,12,1102.0,12.2,1.0,0.0,1.0,1.0,0.0,0.0,2.0,0.0,2.2,2.2,1.4,3.6,13.0,33.0,48.0,0.08,0.0,0.08,0.08,0.08,0.18,0.11,0.29,0.18,0.29,Matches,Portland Thorns,
Kaitlyn Torpey,au AUS,DF,25-226,17.0,12,976.0,10.8,0.0,0.0,0.0,0.0,0.0,0.0,3.0,0.0,0.0,0.0,0.7,0.7,9.0,33.0,22.0,0.0,0.0,0.0,0.0,0.0,0.0,0.06,0.06,0.0,0.06,Matches,Portland Thorns,
Pietra Tordin,us USA,FW,21-213,24.0,9,903.0,10.0,4.0,0.0,4.0,4.0,0.0,0.0,3.0,0.0,4.7,4.7,1.2,6.0,6.0,15.0,60.0,0.4,0.0,0.4,0.4,0.4,0.47,0.12,0.59,0.47,0.59,Matches,Portland Thorns,
Mallie McKenzie,us USA,DF,24-350,22.0,8,893.0,9.9,0.0,0.0,0.0,0.0,0.0,0.0,1.0,0.0,0.2,0.2,0.5,0.7,8.0,16.0,20.0,0.0,0.0,0.0,0.0,0.0,0.02,0.05,0.07,0.02,0.07,Matches,Portland Thorns,
Caiya Hanks,us USA,"FW,MF",21-033,11.0,7,636.0,7.1,2.0,1.0,3.0,2.0,0.0,0.0,1.0,0.0,2.0,2.0,1.1,3.0,29.0,16.0,62.0,0.28,0.14,0.42,0.28,0.42,0.28,0.15,0.43,0.28,0.43,Matches,Portland Thorns,
Bella Bixby,us USA,GK,29-343,7.0,7,630.0,7.0,0.0,0.0,0.0,0.0,0.0,0.0,0.0,0.0,0.0,0.0,0.0,0.0,0.0,0.0,0.0,0.0,0.0,0.0,0.0,0.0,0.0,0.0,0.0,0.0,0.0,Matches,Portland Thorns,
Marie-Yasmine Alidou,ca CAN,"MF,FW",30-184,19.0,6,696.0,7.7,1.0,1.0,2.0,1.0,0.0,0.0,1.0,0.0,1.1,1.1,0.5,1.6,15.0,20.0,35.0,0.13,0.13,0.26,0.13,0.26,0.14,0.07,0.21,0.14,0.21,Matches,Portland Thorns,
Payton Linnehan,us USA,"FW,MF",24-218,13.0,4,432.0,4.8,1.0,0.0,1.0,1.0,0.0,0.0,0.0,0.0,1.5,1.5,0.4,2.0,16.0,8.0,56.0,0.21,0.0,0.21,0.21,0.21,0.31,0.09,0.41,0.31,0.41,Matches,Portland Thorns,
Alexa Spaanstra,us USA,"FW,MF",25-270,15.0,4,421.0,4.7,0.0,1.0,1.0,0.0,0.0,0.0,0.0,0.0,0.5,0.5,0.4,0.9,11.0,13.0,29.0,0.0,0.21,0.21,0.0,0.21,0.1,0.09,0.2,0.1,0.2,Matches,Portland Thorns,
Mary Vignola,us USA,DF,27-260,3.0,3,232.0,2.6,0.0,0.0,0.0,0.0,0.0,0.0,0.0,0.0,0.2,0.2,0.0,0.2,7.0,6.0,5.0,0.0,0.0,0.0,0.0,0.0,0.08,0.01,0.09,0.08,0.09,Matches,Portland Thorns,
Julie Dufour,fr FRA,"FW,DF",24-153,5.0,3,158.0,1.8,2.0,0.0,2.0,2.0,0.0,0.0,1.0,0.0,0.3,0.3,0.3,0.6,2.0,3.0,3.0,1.14,0.0,1.14,1.14,1.14,0.15,0.17,0.32,0.15,0.32,Matches,Portland Thorns,
Daiane,br BRA,"DF,FW",28-052,6.0,1,66.0,0.7,0.0,0.0,0.0,0.0,0.0,0.0,0.0,0.0,0.1,0.1,0.0,0.1,0.0,2.0,0.0,0.0,0.0,0.0,0.0,0.0,0.16,0.0,0.16,0.16,0.16,Matches,Portland Thorns,
Laila Harbert,eng ENG,"MF,FW",18-299,3.0,0,45.0,0.5,0.0,0.0,0.0,0.0,0.0,0.0,0.0,0.0,0.0,0.0,0.0,0.0,0.0,0.0,0.0,0.0,0.0,0.0,0.0,0.0,0.0,0.0,0.0,0.0,0.0,Matches,Portland Thorns,
Sophie Hirst,us USA,"MF,FW",25-246,3.0,0,39.0,0.4,0.0,0.0,0.0,0.0,0.0,0.0,0.0,0.0,0.0,0.0,0.0,0.0,0.0,2.0,1.0,0.0,0.0,0.0,0.0,0.0,0.0,0.0,0.0,0.0,0.0,Matches,Portland Thorns,
Valerin Loboa,co COL,FW,18-118,2.0,0,37.0,0.4,0.0,0.0,0.0,0.0,0.0,0.0,0.0,0.0,0.0,0.0,0.0,0.0,0.0,0.0,1.0,0.0,0.0,0.0,0.0,0.0,0.0,0.0,0.0,0.0,0.0,Matches,Portland Thorns,
Carissa Boeckmann,us USA,MF,22-159,0.0,0,,,,,,,,,,,,,,,,,,,,,,,,,,,,Matches,Portland Thorns,
Moira Kelley,,DF,,0.0,0,,,,,,,,,,,,,,,,,,,,,,,,,,,,Matches,Portland Thorns,
Morgan Messner,us USA,GK,25-254,0.0,0,,,,,,,,,,,,,,,,,,,,,,,,,,,,Matches,Portland Thorns,
Naomi Powell,us USA,MF,26-292,0.0,0,,,,,,,,,,,,,,,,,,,,,,,,,,,,Matches,Portland Thorns,
Squad Total,,,25.6,25.0,275,2250.0,25.0,33.0,18.0,51.0,26.0,7.0,9.0,29.0,0.0,38.9,32.3,23.3,55.6,300.0,778.0,769.0,1.32,0.72,2.04,1.04,1.76,1.56,0.93,2.49,1.29,2.22,,Portland Thorns,
Opponent Total,,,27.2,25.0,275,2250.0,25.0,27.0,20.0,47.0,27.0,0.0,1.0,25.0,2.0,33.8,33.0,26.4,59.4,333.0,862.0,850.0,1.08,0.8,1.88,1.08,1.88,1.35,1.05,2.41,1.32,2.37,,Portland Thorns,
Aubrey Kingsbury,us USA,GK,33-343,24.0,24,2160.0,24.0,0.0,0.0,0.0,0.0,0.0,0.0,0.0,0.0,0.0,0.0,0.0,0.0,0.0,5.0,0.0,0.0,0.0,0.0,0.0,0.0,0.0,0.0,0.0,0.0,0.0,Matches,Washington Spirit,
Tara McKeown,us USA,DF,26-119,24.0,23,2051.0,22.8,0.0,2.0,2.0,0.0,0.0,0.0,2.0,0.0,0.9,0.9,3.0,3.9,23.0,89.0,13.0,0.0,0.09,0.09,0.0,0.09,0.04,0.13,0.17,0.04,0.17,Matches,Washington Spirit,
Gabrielle Carle,ca CAN,"DF,MF",27-017,24.0,23,2027.0,22.5,0.0,0.0,0.0,0.0,0.0,0.0,1.0,0.0,0.7,0.7,1.5,2.2,42.0,92.0,65.0,0.0,0.0,0.0,0.0,0.0,0.03,0.07,0.1,0.03,0.1,Matches,Washington Spirit,
Esme Morgan,eng ENG,DF,25-011,24.0,21,1911.0,21.2,2.0,2.0,4.0,2.0,0.0,0.0,2.0,0.0,1.2,1.2,0.7,1.9,14.0,94.0,5.0,0.09,0.09,0.19,0.09,0.19,0.06,0.03,0.09,0.06,0.09,Matches,Washington Spirit,
Rebeca Bernal,mx MEX,"DF,MF",28-059,20.0,19,1627.0,18.1,0.0,0.0,0.0,0.0,0.0,0.0,1.0,0.0,1.2,1.2,1.0,2.2,6.0,60.0,5.0,0.0,0.0,0.0,0.0,0.0,0.07,0.05,0.12,0.07,0.12,Matches,Washington Spirit,
Narumi Miura,jp JPN,MF,28-118,22.0,19,1564.0,17.4,0.0,3.0,3.0,0.0,0.0,0.0,4.0,0.0,1.0,1.0,2.1,3.1,7.0,68.0,47.0,0.0,0.17,0.17,0.0,0.17,0.06,0.12,0.18,0.06,0.18,Matches,Washington Spirit,
Croix Bethune,us USA,"MF,FW",24-229,20.0,16,1338.0,14.9,2.0,2.0,4.0,2.0,0.0,0.0,2.0,0.0,2.9,2.9,2.7,5.6,37.0,60.0,67.0,0.13,0.13,0.27,0.13,0.27,0.2,0.18,0.38,0.2,0.38,Matches,Washington Spirit,
Hal Hershfelt,us USA,MF,23-026,17.0,14,1189.0,13.2,0.0,2.0,2.0,0.0,0.0,0.0,6.0,1.0,0.7,0.3,0.6,0.9,11.0,58.0,19.0,0.0,0.15,0.15,0.0,0.15,0.05,0.04,0.09,0.03,0.07,Matches,Washington Spirit,
Gift Monday,ng NGA,"FW,MF",23-324,22.0,13,1276.0,14.2,8.0,2.0,10.0,8.0,0.0,0.0,2.0,0.0,7.8,7.8,2.9,10.8,32.0,22.0,80.0,0.56,0.14,0.71,0.56,0.71,0.55,0.21,0.76,0.55,0.76,Matches,Washington Spirit,
Leicy Santos,co COL,"MF,FW",29-166,16.0,11,1083.0,12.0,1.0,3.0,4.0,1.0,0.0,0.0,2.0,0.0,1.9,1.9,2.2,4.0,15.0,66.0,48.0,0.08,0.25,0.33,0.08,0.33,0.15,0.18,0.34,0.15,0.34,Matches,Washington Spirit,
Rosemonde Kouassi,ci CIV,"FW,MF",23-307,17.0,11,1080.0,12.0,4.0,4.0,8.0,4.0,0.0,0.0,2.0,0.0,4.8,4.8,3.9,8.7,47.0,23.0,83.0,0.33,0.33,0.67,0.33,0.67,0.4,0.33,0.72,0.4,0.72,Matches,Washington Spirit,
Makenna Morris,us USA,"FW,DF",23-186,16.0,10,862.0,9.6,1.0,0.0,1.0,1.0,0.0,0.0,0.0,0.0,1.5,1.5,0.9,2.4,11.0,27.0,42.0,0.1,0.0,0.1,0.1,0.1,0.16,0.09,0.25,0.16,0.25,Matches,Washington Spirit,
Trinity Rodman,us USA,"FW,MF",23-162,15.0,9,932.0,10.4,5.0,2.0,7.0,5.0,0.0,1.0,0.0,0.0,4.9,4.1,1.6,5.7,34.0,18.0,104.0,0.48,0.19,0.68,0.48,0.68,0.48,0.15,0.63,0.4,0.55,Matches,Washington Spirit,
Ashley Hatch,us USA,"FW,MF",30-157,10.0,9,823.0,9.1,6.0,1.0,7.0,6.0,0.0,1.0,1.0,0.0,5.3,4.6,1.4,6.0,14.0,15.0,43.0,0.66,0.11,0.77,0.66,0.77,0.58,0.15,0.73,0.5,0.65,Matches,Washington Spirit,
Kate Wiesner,us USA,"DF,FW",24-260,12.0,9,661.0,7.3,1.0,0.0,1.0,1.0,0.0,0.0,1.0,0.0,0.1,0.1,1.0,1.2,9.0,25.0,25.0,0.14,0.0,0.14,0.14,0.14,0.02,0.14,0.16,0.02,0.16,Matches,Washington Spirit,
Sofia Cantore,it ITA,FW,26-029,11.0,7,648.0,7.2,4.0,1.0,5.0,4.0,0.0,0.0,1.0,0.0,3.1,3.1,0.8,3.9,19.0,21.0,61.0,0.56,0.14,0.69,0.56,0.69,0.43,0.12,0.54,0.43,0.54,Matches,Washington Spirit,
Casey Krueger,us USA,"DF,MF",35-067,9.0,7,599.0,6.7,1.0,2.0,3.0,1.0,0.0,0.0,0.0,0.0,0.6,0.6,0.5,1.1,9.0,28.0,22.0,0.15,0.3,0.45,0.15,0.45,0.09,0.07,0.16,0.09,0.16,Matches,Washington Spirit,
Deborah Abiodun,ng NGA,"MF,DF",21-361,8.0,6,581.0,6.5,0.0,1.0,1.0,0.0,0.0,0.0,2.0,0.0,0.3,0.3,0.5,0.9,6.0,30.0,12.0,0.0,0.15,0.15,0.0,0.15,0.05,0.08,0.14,0.05,0.14,Matches,Washington Spirit,
Brittany Ratcliffe,us USA,"FW,MF",31-264,13.0,5,476.0,5.3,1.0,1.0,2.0,1.0,0.0,0.0,0.0,0.0,0.3,0.3,0.7,1.0,11.0,7.0,44.0,0.19,0.19,0.38,0.19,0.38,0.05,0.13,0.18,0.05,0.18,Matches,Washington Spirit,
Heather Stainbrook,us USA,MF,24-229,10.0,5,346.0,3.8,0.0,0.0,0.0,0.0,0.0,0.0,0.0,0.0,0.6,0.6,0.0,0.6,2.0,7.0,3.0,0.0,0.0,0.0,0.0,0.0,0.16,0.01,0.17,0.16,0.17,Matches,Washington Spirit,
Courtney Brown,us USA,"MF,FW",24-338,14.0,4,394.0,4.4,1.0,0.0,1.0,1.0,0.0,0.0,0.0,0.0,1.2,1.2,0.5,1.8,8.0,15.0,34.0,0.23,0.0,0.23,0.23,0.23,0.28,0.12,0.4,0.28,0.4,Matches,Washington Spirit,
Paige Metayer,us USA,DF,25-036,8.0,3,359.0,4.0,0.0,1.0,1.0,0.0,0.0,0.0,0.0,0.0,0.8,0.8,0.2,1.0,9.0,17.0,22.0,0.0,0.25,0.25,0.0,0.25,0.2,0.05,0.25,0.2,0.25,Matches,Washington Spirit,
Kysha Sylla,fr FRA,"DF,MF",21-267,13.0,2,359.0,4.0,0.0,0.0,0.0,0.0,0.0,0.0,1.0,0.0,0.0,0.0,0.0,0.0,3.0,11.0,0.0,0.0,0.0,0.0,0.0,0.0,0.0,0.0,0.0,0.0,0.0,Matches,Washington Spirit,
Chloe Ricketts,us USA,"MF,FW",18-159,7.0,2,163.0,1.8,0.0,0.0,0.0,0.0,0.0,0.0,0.0,0.0,0.1,0.1,0.0,0.1,0.0,3.0,3.0,0.0,0.0,0.0,0.0,0.0,0.03,0.0,0.03,0.03,0.03,Matches,Washington Spirit,
Meg Boade,,MF,,3.0,2,107.0,1.2,1.0,0.0,1.0,1.0,0.0,0.0,0.0,0.0,0.5,0.5,0.1,0.7,3.0,3.0,6.0,0.84,0.0,0.84,0.84,0.84,0.44,0.11,0.55,0.44,0.55,Matches,Washington Spirit,
Sandy MacIver,sct SCO,GK,27-133,1.0,1,90.0,1.0,0.0,0.0,0.0,0.0,0.0,0.0,0.0,0.0,0.0,0.0,0.0,0.0,0.0,0.0,0.0,0.0,0.0,0.0,0.0,0.0,0.0,0.0,0.0,0.0,0.0,Matches,Washington Spirit,
Kiley Dulaney,,DF,,1.0,0,10.0,0.1,0.0,0.0,0.0,0.0,0.0,0.0,0.0,0.0,0.0,0.0,0.0,0.0,0.0,1.0,0.0,0.0,0.0,0.0,0.0,0.0,0.0,0.0,0.0,0.0,0.0,Matches,Washington Spirit,
Margie Detrizio,,MF,,2.0,0,9.0,0.1,0.0,0.0,0.0,0.0,0.0,0.0,0.0,0.0,0.0,0.0,0.0,0.0,0.0,0.0,0.0,0.0,0.0,0.0,0.0,0.0,0.29,0.0,0.29,0.29,0.29,Matches,Washington Spirit,
Kaylie Collins,us USA,GK,27-165,0.0,0,,,,,,,,,,,,,,,,,,,,,,,,,,,,Matches,Washington Spirit,
Lauren Gogal,,DF,,0.0,0,,,,,,,,,,,,,,,,,,,,,,,,,,,,Matches,Washington Spirit,
Squad Total,,,26.8,25.0,275,2250.0,25.0,38.0,29.0,67.0,38.0,0.0,2.0,30.0,1.0,41.9,40.2,28.8,69.0,372.0,865.0,853.0,1.52,1.16,2.68,1.52,2.68,1.67,1.15,2.83,1.61,2.76,,Washington Spirit,
Opponent Total,,,27.3,25.0,275,2250.0,25.0,28.0,16.0,44.0,24.0,4.0,4.0,37.0,1.0,33.2,30.5,21.5,51.9,323.0,752.0,741.0,1.12,0.64,1.76,0.96,1.6,1.33,0.86,2.19,1.22,2.08,,Washington Spirit,
Lorena,br BRA,GK,28-176,23.0,23,2070.0,23.0,0.0,0.0,0.0,0.0,0.0,0.0,0.0,0.0,0.0,0.0,0.0,0.0,0.0,0.0,0.0,0.0,0.0,0.0,0.0,0.0,0.0,0.0,0.0,0.0,0.0,Matches,KC Current,
Kayla Sharples,us USA,DF,28-134,23.0,22,1997.0,22.2,2.0,1.0,3.0,2.0,0.0,0.0,1.0,0.0,0.9,0.9,0.8,1.7,6.0,77.0,2.0,0.09,0.05,0.14,0.09,0.14,0.04,0.04,0.08,0.04,0.08,Matches,KC Current,
Isabel Rodriguez,us USA,DF,26-199,25.0,21,1986.0,22.1,1.0,6.0,7.0,1.0,0.0,0.0,0.0,0.0,0.9,0.9,4.5,5.4,45.0,87.0,101.0,0.05,0.27,0.32,0.05,0.32,0.04,0.2,0.24,0.04,0.24,Matches,KC Current,
Temwa Chaŵinga,mw MWI,"FW,MF",27-039,23.0,21,1809.0,20.1,15.0,3.0,18.0,15.0,0.0,0.0,0.0,0.0,14.2,14.2,3.0,17.1,39.0,35.0,162.0,0.75,0.15,0.9,0.75,0.9,0.7,0.15,0.85,0.7,0.85,Matches,KC Current,
Claire Hutton,us USA,MF,19-291,24.0,21,1728.0,19.2,0.0,2.0,2.0,0.0,0.0,0.0,4.0,0.0,1.2,1.2,1.6,2.8,14.0,104.0,27.0,0.0,0.1,0.1,0.0,0.1,0.06,0.08,0.15,0.06,0.15,Matches,KC Current,
Lo'eau LaBonta,us USA,MF,32-225,22.0,20,1866.0,20.7,5.0,0.0,5.0,0.0,5.0,5.0,3.0,0.0,4.8,1.1,1.5,2.6,12.0,112.0,28.0,0.24,0.0,0.24,0.0,0.0,0.23,0.07,0.3,0.06,0.13,Matches,KC Current,
Beatriz,br BRA,FW,31-316,23.0,18,1542.0,17.1,7.0,3.0,10.0,7.0,0.0,0.0,0.0,0.0,4.9,4.9,3.6,8.5,31.0,84.0,137.0,0.41,0.18,0.58,0.41,0.58,0.29,0.21,0.49,0.29,0.49,Matches,KC Current,
Debinha,br BRA,"FW,MF",34-009,21.0,16,1375.0,15.3,7.0,1.0,8.0,6.0,1.0,1.0,0.0,0.0,5.8,5.1,3.7,8.8,37.0,82.0,116.0,0.46,0.07,0.52,0.39,0.46,0.39,0.25,0.65,0.34,0.6,Matches,KC Current,
Michelle Cooper,us USA,"FW,MF",22-329,19.0,16,1163.0,12.9,6.0,3.0,9.0,6.0,0.0,0.0,2.0,0.0,4.2,4.2,6.0,10.1,42.0,37.0,115.0,0.46,0.23,0.7,0.46,0.7,0.32,0.46,0.78,0.32,0.78,Matches,KC Current,
Ellie Wheeler,us USA,DF,23-319,20.0,15,1309.0,14.5,1.0,1.0,2.0,1.0,0.0,0.0,1.0,0.0,0.8,0.8,0.2,1.0,19.0,48.0,22.0,0.07,0.07,0.14,0.07,0.14,0.05,0.02,0.07,0.05,0.07,Matches,KC Current,
Hailie Mace,us USA,DF,28-219,22.0,14,1434.0,15.9,0.0,5.0,5.0,0.0,0.0,0.0,2.0,0.0,0.1,0.1,1.2,1.3,13.0,55.0,9.0,0.0,0.31,0.31,0.0,0.31,0.01,0.07,0.08,0.01,0.08,Matches,KC Current,
Elizabeth Ball,us USA,DF,30-009,18.0,14,1293.0,14.4,1.0,0.0,1.0,1.0,0.0,0.0,1.0,0.0,0.6,0.6,0.0,0.6,0.0,10.0,1.0,0.07,0.0,0.07,0.07,0.07,0.04,0.0,0.04,0.04,0.04,Matches,KC Current,
Vanessa DiBernardo,us USA,"MF,FW",33-167,13.0,11,886.0,9.8,0.0,1.0,1.0,0.0,0.0,0.0,1.0,0.0,0.7,0.7,1.4,2.1,19.0,58.0,27.0,0.0,0.1,0.1,0.0,0.1,0.07,0.14,0.21,0.07,0.21,Matches,KC Current,
Raquel Rodríguez,cr CRC,MF,32-001,19.0,7,714.0,7.9,0.0,0.0,0.0,0.0,0.0,0.0,4.0,0.0,0.4,0.4,0.2,0.6,3.0,50.0,9.0,0.0,0.0,0.0,0.0,0.0,0.05,0.03,0.07,0.05,0.07,Matches,KC Current,
Alana Cook,us USA,DF,28-201,7.0,7,586.0,6.5,0.0,0.0,0.0,0.0,0.0,0.0,0.0,0.0,0.0,0.0,0.0,0.0,0.0,7.0,0.0,0.0,0.0,0.0,0.0,0.0,0.01,0.0,0.01,0.01,0.01,Matches,KC Current,
Nichelle Prince,ca CAN,"FW,MF",30-252,20.0,6,708.0,7.9,0.0,1.0,1.0,0.0,0.0,0.0,1.0,0.0,1.1,1.1,0.7,1.8,24.0,7.0,70.0,0.0,0.13,0.13,0.0,0.13,0.14,0.09,0.23,0.14,0.23,Matches,KC Current,
Ally Sentnor,us USA,"MF,FW",21-253,10.0,6,575.0,6.4,0.0,0.0,0.0,0.0,0.0,0.0,1.0,0.0,0.9,0.9,0.7,1.6,16.0,30.0,23.0,0.0,0.0,0.0,0.0,0.0,0.13,0.11,0.23,0.13,0.23,Matches,KC Current,
Gabrielle Robinson,us USA,DF,24-133,7.0,5,354.0,3.9,0.0,0.0,0.0,0.0,0.0,0.0,0.0,1.0,0.3,0.3,0.0,0.3,3.0,12.0,0.0,0.0,0.0,0.0,0.0,0.0,0.07,0.0,0.07,0.07,0.07,Matches,KC Current,
Haley Hopkins,us USA,"FW,MF",26-312,19.0,3,414.0,4.6,1.0,2.0,3.0,1.0,0.0,0.0,1.0,0.0,0.8,0.8,1.1,2.0,13.0,12.0,39.0,0.22,0.43,0.65,0.22,0.65,0.18,0.25,0.43,0.18,0.43,Matches,KC Current,
Laurel Ivory,us USA,GK,26-062,2.0,2,180.0,2.0,0.0,0.0,0.0,0.0,0.0,0.0,0.0,0.0,0.0,0.0,0.0,0.0,0.0,0.0,0.0,0.0,0.0,0.0,0.0,0.0,0.0,0.0,0.0,0.0,0.0,Matches,KC Current,
Lacho Marta,ao ANG,"FW,DF",26-227,6.0,2,157.0,1.7,0.0,0.0,0.0,0.0,0.0,0.0,0.0,0.0,0.2,0.2,0.2,0.4,4.0,9.0,13.0,0.0,0.0,0.0,0.0,0.0,0.13,0.12,0.24,0.13,0.24,Matches,KC Current,
Katie Scott,us USA,DF,18-131,2.0,2,121.0,1.3,0.0,0.0,0.0,0.0,0.0,0.0,1.0,0.0,0.0,0.0,0.1,0.1,3.0,6.0,0.0,0.0,0.0,0.0,0.0,0.0,0.0,0.04,0.04,0.0,0.04,Matches,KC Current,
Mary Long,us USA,FW,18-278,10.0,1,186.0,2.1,0.0,1.0,1.0,0.0,0.0,0.0,0.0,0.0,0.5,0.5,0.1,0.6,3.0,6.0,18.0,0.0,0.48,0.48,0.0,0.48,0.22,0.07,0.29,0.22,0.29,Matches,KC Current,
Bayley Feist,us USA,"MF,FW",28-229,9.0,1,172.0,1.9,0.0,0.0,0.0,0.0,0.0,0.0,2.0,0.0,0.3,0.3,0.1,0.3,3.0,13.0,5.0,0.0,0.0,0.0,0.0,0.0,0.15,0.03,0.18,0.15,0.18,Matches,KC Current,
Alex Pfeiffer,us USA,"MF,FW",17-337,4.0,1,95.0,1.1,0.0,0.0,0.0,0.0,0.0,0.0,0.0,0.0,0.1,0.1,0.3,0.4,4.0,2.0,11.0,0.0,0.0,0.0,0.0,0.0,0.08,0.29,0.37,0.08,0.37,Matches,KC Current,
Regan Steigleder,no NOR,DF,27-056,1.0,0,28.0,0.3,0.0,0.0,0.0,0.0,0.0,0.0,0.0,0.0,0.0,0.0,0.0,0.0,0.0,2.0,0.0,0.0,0.0,0.0,0.0,0.0,0.0,0.0,0.0,0.0,0.0,Matches,KC Current,
Mwanalima Jereko,ke KEN,MF,28-055,1.0,0,1.0,0.0,0.0,0.0,0.0,0.0,0.0,0.0,0.0,0.0,0.0,0.0,0.0,0.0,0.0,0.0,1.0,0.0,0.0,0.0,0.0,0.0,0.0,0.0,0.0,0.0,0.0,Matches,KC Current,
Clare Gagne,us USA,GK,25-249,0.0,0,,,,,,,,,,,,,,,,,,,,,,,,,,,,Matches,KC Current,
Grace Gordon,us USA,GK,25-019,0.0,0,,,,,,,,,,,,,,,,,,,,,,,,,,,,Matches,KC Current,
Tyler McCamey,us USA,MF,24-071,0.0,0,,,,,,,,,,,,,,,,,,,,,,,,,,,,Matches,KC Current,
Squad Total,,,27.9,25.0,275,2250.0,25.0,46.0,30.0,76.0,40.0,6.0,6.0,25.0,1.0,42.8,38.6,30.7,69.3,353.0,945.0,936.0,1.84,1.2,3.04,1.6,2.8,1.71,1.23,2.94,1.54,2.77,,KC Current,
Opponent Total,,,27.4,25.0,275,2250.0,25.0,11.0,10.0,21.0,11.0,0.0,2.0,33.0,1.0,17.5,16.0,12.0,28.1,293.0,898.0,891.0,0.44,0.4,0.84,0.44,0.84,0.7,0.48,1.18,0.64,1.12,,KC Current,
Kenza Dali,fr FRA,MF,34-090,25.0,25,2245.0,24.9,5.0,3.0,8.0,5.0,0.0,0.0,1.0,0.0,2.9,2.9,4.1,6.9,82.0,176.0,118.0,0.2,0.12,0.32,0.2,0.32,0.11,0.16,0.28,0.11,0.28,Matches,San Diego Wave,
Kailen Sheridan,ca CAN,GK,30-105,23.0,23,2070.0,23.0,0.0,0.0,0.0,0.0,0.0,0.0,0.0,0.0,0.0,0.0,0.0,0.0,0.0,6.0,0.0,0.0,0.0,0.0,0.0,0.0,0.0,0.0,0.0,0.0,0.0,Matches,San Diego Wave,
Hanna Lundkvist,se SWE,DF,23-104,25.0,23,2035.0,22.6,1.0,3.0,4.0,1.0,0.0,0.0,2.0,0.0,0.3,0.3,1.9,2.2,57.0,121.0,78.0,0.04,0.13,0.18,0.04,0.18,0.01,0.08,0.1,0.01,0.1,Matches,San Diego Wave,
Perle Morroni,fr FRA,DF,28-014,24.0,22,1979.0,22.0,1.0,4.0,5.0,1.0,0.0,0.0,3.0,0.0,0.8,0.8,2.1,2.9,49.0,79.0,103.0,0.05,0.18,0.23,0.05,0.23,0.04,0.1,0.13,0.04,0.13,Matches,San Diego Wave,
Delphine Cascarino,fr FRA,FW,28-266,23.0,22,1890.0,21.0,5.0,6.0,11.0,5.0,0.0,0.0,2.0,0.0,3.4,3.4,4.8,8.2,82.0,93.0,190.0,0.24,0.29,0.52,0.24,0.52,0.16,0.23,0.39,0.16,0.39,Matches,San Diego Wave,
Savannah McCaskill,us USA,MF,29-090,21.0,20,1791.0,19.9,1.0,0.0,1.0,1.0,0.0,0.0,4.0,0.0,0.5,0.5,1.2,1.7,5.0,124.0,22.0,0.05,0.0,0.05,0.05,0.05,0.02,0.06,0.08,0.02,0.08,Matches,San Diego Wave,
Gia Corley,de GER,"MF,FW",23-162,23.0,20,1497.0,16.6,2.0,3.0,5.0,2.0,0.0,0.0,5.0,0.0,3.1,3.1,1.9,5.0,65.0,61.0,83.0,0.12,0.18,0.3,0.12,0.3,0.19,0.11,0.3,0.19,0.3,Matches,San Diego Wave,
Kristen McNabb,us USA,DF,31-195,23.0,19,1764.0,19.6,2.0,0.0,2.0,2.0,0.0,0.0,3.0,0.0,1.3,1.3,0.2,1.5,4.0,58.0,9.0,0.1,0.0,0.1,0.1,0.1,0.07,0.01,0.08,0.07,0.08,Matches,San Diego Wave,
Kennedy Wesley,us USA,DF,24-235,21.0,19,1658.0,18.4,1.0,0.0,1.0,1.0,0.0,0.0,1.0,1.0,1.3,1.3,0.2,1.6,10.0,46.0,6.0,0.05,0.0,0.05,0.05,0.05,0.07,0.01,0.08,0.07,0.08,Matches,San Diego Wave,
Trinity Armstrong,us USA,DF,18-096,22.0,17,1567.0,17.4,1.0,2.0,3.0,1.0,0.0,0.0,2.0,0.0,1.4,1.4,0.7,2.1,19.0,70.0,7.0,0.06,0.11,0.17,0.06,0.17,0.08,0.04,0.12,0.08,0.12,Matches,San Diego Wave,
Adriana Leon,ca CAN,FW,33-027,25.0,17,1371.0,15.2,4.0,3.0,7.0,4.0,0.0,0.0,2.0,0.0,6.1,6.1,1.7,7.8,28.0,19.0,99.0,0.26,0.2,0.46,0.26,0.46,0.4,0.11,0.51,0.4,0.51,Matches,San Diego Wave,
Kimmi Ascanio,us USA,"FW,MF",17-281,25.0,16,1425.0,15.8,4.0,1.0,5.0,4.0,0.0,0.0,1.0,0.0,3.4,3.4,0.3,3.8,19.0,50.0,59.0,0.25,0.06,0.32,0.25,0.32,0.22,0.02,0.24,0.22,0.24,Matches,San Diego Wave,
Maria Sanchez,mx MEX,"FW,MF",29-251,12.0,7,571.0,6.3,3.0,2.0,5.0,3.0,0.0,1.0,1.0,0.0,2.5,1.8,0.9,2.7,8.0,17.0,30.0,0.47,0.32,0.79,0.47,0.79,0.39,0.14,0.54,0.28,0.42,Matches,San Diego Wave,
Dudinha,br BRA,FW,20-117,9.0,6,549.0,6.1,4.0,0.0,4.0,4.0,0.0,0.0,0.0,0.0,1.1,1.1,0.7,1.8,26.0,13.0,42.0,0.66,0.0,0.66,0.66,0.66,0.18,0.12,0.3,0.18,0.3,Matches,San Diego Wave,
Laurina Fazer,fr FRA,MF,22-016,8.0,5,414.0,4.6,0.0,0.0,0.0,0.0,0.0,0.0,1.0,0.0,0.1,0.1,0.1,0.1,4.0,11.0,4.0,0.0,0.0,0.0,0.0,0.0,0.02,0.01,0.03,0.02,0.03,Matches,San Diego Wave,
Makenzy Doniak,us USA,FW,31-246,20.0,4,506.0,5.6,1.0,0.0,1.0,1.0,0.0,0.0,1.0,0.0,1.6,1.6,1.3,2.9,13.0,19.0,57.0,0.18,0.0,0.18,0.18,0.18,0.29,0.24,0.52,0.29,0.52,Matches,San Diego Wave,
Melanie Barcenas,us USA,FW,17-364,17.0,3,468.0,5.2,1.0,1.0,2.0,1.0,0.0,0.0,1.0,0.0,0.5,0.5,1.0,1.5,8.0,22.0,38.0,0.19,0.19,0.38,0.19,0.38,0.1,0.2,0.3,0.1,0.3,Matches,San Diego Wave,
Kyra Carusa,ie IRL,FW,29-349,14.0,3,382.0,4.2,0.0,1.0,1.0,0.0,0.0,0.0,0.0,0.0,1.2,1.2,0.6,1.7,4.0,10.0,30.0,0.0,0.24,0.24,0.0,0.24,0.28,0.13,0.41,0.28,0.41,Matches,San Diego Wave,
DiDi Haracic,ba BIH,GK,33-200,2.0,2,180.0,2.0,0.0,0.0,0.0,0.0,0.0,0.0,0.0,0.0,0.0,0.0,0.0,0.0,0.0,1.0,0.0,0.0,0.0,0.0,0.0,0.0,0.0,0.0,0.0,0.0,0.0,Matches,San Diego Wave,
Chiamaka Okwuchukwu,ng NGA,FW,20-083,3.0,1,144.0,1.6,1.0,0.0,1.0,1.0,0.0,0.0,0.0,0.0,0.2,0.2,0.2,0.3,2.0,2.0,12.0,0.62,0.0,0.62,0.62,0.62,0.11,0.1,0.21,0.11,0.21,Matches,San Diego Wave,
Favour Emmanuel,ng NGA,MF,23-052,2.0,1,69.0,0.8,0.0,0.0,0.0,0.0,0.0,0.0,1.0,0.0,0.0,0.0,0.0,0.0,0.0,1.0,0.0,0.0,0.0,0.0,0.0,0.0,0.0,0.0,0.0,0.0,0.0,Matches,San Diego Wave,
Jordan Fusco,us USA,"MF,FW",22-048,6.0,0,104.0,1.2,0.0,0.0,0.0,0.0,0.0,0.0,0.0,0.0,0.1,0.1,0.0,0.1,2.0,3.0,6.0,0.0,0.0,0.0,0.0,0.0,0.07,0.0,0.07,0.07,0.07,Matches,San Diego Wave,
Quincy McMahon,us USA,"DF,FW",22-033,7.0,0,12.0,0.1,0.0,0.0,0.0,0.0,0.0,0.0,0.0,0.0,0.1,0.1,0.1,0.1,3.0,2.0,3.0,0.0,0.0,0.0,0.0,0.0,0.38,0.69,1.07,0.38,1.07,Matches,San Diego Wave,
Daniela Arias,co COL,DF,31-059,2.0,0,8.0,0.1,0.0,0.0,0.0,0.0,0.0,0.0,0.0,0.0,0.0,0.0,0.0,0.0,1.0,1.0,0.0,0.0,0.0,0.0,0.0,0.0,0.31,0.0,0.31,0.31,0.31,Matches,San Diego Wave,
Nya Harrison,us USA,FW,22-354,1.0,0,1.0,0.0,0.0,0.0,0.0,0.0,0.0,0.0,0.0,0.0,0.0,0.0,0.0,0.0,0.0,0.0,0.0,0.0,0.0,0.0,0.0,0.0,0.0,0.0,0.0,0.0,0.0,Matches,San Diego Wave,
Hillary Beall,us USA,GK,26-275,0.0,0,,,,,,,,,,,,,,,,,,,,,,,,,,,,Matches,San Diego Wave,
Squad Total,,,27.0,25.0,275,2250.0,25.0,37.0,29.0,66.0,37.0,0.0,1.0,31.0,1.0,31.2,30.4,23.6,54.0,491.0,1005.0,996.0,1.48,1.16,2.64,1.48,2.64,1.25,0.94,2.19,1.22,2.16,,San Diego Wave,
Opponent Total,,,27.1,25.0,275,2250.0,25.0,32.0,21.0,53.0,27.0,5.0,5.0,34.0,0.0,30.3,26.8,20.3,47.2,296.0,708.0,702.0,1.28,0.84,2.12,1.08,1.92,1.21,0.81,2.03,1.07,1.89,,San Diego Wave,
Haley Hanson,us USA,MF,29-269,25.0,24,2127.0,23.6,3.0,4.0,7.0,3.0,0.0,0.0,2.0,0.0,5.3,5.3,1.4,6.7,19.0,84.0,59.0,0.13,0.17,0.3,0.13,0.3,0.22,0.06,0.28,0.22,0.28,Matches,Orlando Pride,
Anna Moorhouse,eng ENG,GK,30-213,24.0,24,2120.0,23.6,0.0,0.0,0.0,0.0,0.0,0.0,0.0,0.0,0.0,0.0,0.0,0.0,0.0,3.0,0.0,0.0,0.0,0.0,0.0,0.0,0.0,0.0,0.0,0.0,0.0,Matches,Orlando Pride,
Emily Sams,us USA,DF,26-120,24.0,23,2093.0,23.3,0.0,0.0,0.0,0.0,0.0,0.0,1.0,0.0,0.1,0.1,0.4,0.5,31.0,153.0,28.0,0.0,0.0,0.0,0.0,0.0,0.0,0.02,0.02,0.0,0.02,Matches,Orlando Pride,
Angelina,br BRA,MF,25-276,23.0,20,1720.0,19.1,0.0,1.0,1.0,0.0,0.0,1.0,2.0,0.0,2.1,1.4,2.5,3.9,10.0,90.0,74.0,0.0,0.05,0.05,0.0,0.05,0.11,0.13,0.24,0.07,0.2,Matches,Orlando Pride,
Ally Watt,us USA,"MF,FW",28-231,24.0,19,1546.0,17.2,2.0,2.0,4.0,2.0,0.0,0.0,1.0,0.0,4.8,4.8,1.7,6.5,36.0,18.0,102.0,0.12,0.12,0.23,0.12,0.23,0.28,0.1,0.38,0.28,0.38,Matches,Orlando Pride,
Marta,br BRA,"FW,MF",39-252,21.0,17,1514.0,16.8,4.0,1.0,5.0,1.0,3.0,3.0,0.0,0.0,4.1,1.9,3.9,5.8,46.0,75.0,102.0,0.24,0.06,0.3,0.06,0.12,0.24,0.23,0.47,0.11,0.34,Matches,Orlando Pride,
Kylie Strom,us USA,DF,33-225,17.0,17,1512.0,16.8,0.0,0.0,0.0,0.0,0.0,0.0,0.0,0.0,0.1,0.1,0.2,0.3,11.0,65.0,3.0,0.0,0.0,0.0,0.0,0.0,0.01,0.01,0.02,0.01,0.02,Matches,Orlando Pride,
Kerry Abello,us USA,DF,26-042,22.0,17,1485.0,16.5,1.0,0.0,1.0,1.0,0.0,0.0,2.0,0.0,0.6,0.6,0.5,1.1,39.0,88.0,47.0,0.06,0.0,0.06,0.06,0.06,0.03,0.03,0.07,0.03,0.07,Matches,Orlando Pride,
Ally Lemos,us USA,"MF,FW",21-239,25.0,15,1353.0,15.0,0.0,0.0,0.0,0.0,0.0,0.0,4.0,0.0,1.1,1.0,0.9,1.9,8.0,69.0,41.0,0.0,0.0,0.0,0.0,0.0,0.07,0.06,0.13,0.07,0.13,Matches,Orlando Pride,
Barbra Banda,zm ZAM,FW,25-223,16.0,15,1296.0,14.4,8.0,1.0,9.0,8.0,0.0,0.0,3.0,0.0,8.6,8.5,1.8,10.3,72.0,16.0,112.0,0.56,0.07,0.62,0.56,0.62,0.59,0.12,0.72,0.59,0.72,Matches,Orlando Pride,
Oihane Hernández,es ESP,DF,25-178,20.0,15,1106.0,12.3,0.0,2.0,2.0,0.0,0.0,0.0,0.0,0.0,0.4,0.4,1.7,2.2,32.0,46.0,78.0,0.0,0.16,0.16,0.0,0.16,0.04,0.14,0.18,0.04,0.18,Matches,Orlando Pride,
Carson Pickett,us USA,"DF,MF",32-044,21.0,14,1257.0,14.0,2.0,2.0,4.0,2.0,0.0,0.0,0.0,0.0,1.0,1.0,1.5,2.5,17.0,59.0,78.0,0.14,0.14,0.29,0.14,0.29,0.07,0.11,0.18,0.07,0.18,Matches,Orlando Pride,
Morgan Gautrat,us USA,"MF,FW",32-245,11.0,10,667.0,7.4,0.0,1.0,1.0,0.0,0.0,0.0,0.0,0.0,0.8,0.8,1.7,2.5,3.0,47.0,19.0,0.0,0.13,0.13,0.0,0.13,0.11,0.23,0.34,0.11,0.34,Matches,Orlando Pride,
Cori Dyke,us USA,DF,25-039,21.0,9,1084.0,12.0,1.0,0.0,1.0,1.0,0.0,0.0,1.0,0.0,0.1,0.1,0.3,0.4,14.0,70.0,27.0,0.08,0.0,0.08,0.08,0.08,0.01,0.02,0.03,0.01,0.03,Matches,Orlando Pride,
Rafaelle,br BRA,DF,34-133,11.0,9,723.0,8.0,0.0,0.0,0.0,0.0,0.0,0.0,3.0,0.0,0.2,0.2,0.2,0.4,2.0,26.0,0.0,0.0,0.0,0.0,0.0,0.0,0.03,0.02,0.05,0.03,0.05,Matches,Orlando Pride,
Lizbeth Ovalle,mx MEX,"FW,MF",26-010,7.0,6,575.0,6.4,1.0,1.0,2.0,1.0,0.0,0.0,1.0,0.0,1.8,1.8,1.7,3.5,13.0,14.0,53.0,0.16,0.16,0.31,0.16,0.31,0.29,0.27,0.55,0.29,0.55,Matches,Orlando Pride,
Summer Yates,us USA,MF,25-134,15.0,5,514.0,5.7,0.0,1.0,1.0,0.0,0.0,0.0,1.0,0.0,1.4,1.4,2.1,3.4,9.0,12.0,28.0,0.0,0.18,0.18,0.0,0.18,0.24,0.37,0.6,0.24,0.6,Matches,Orlando Pride,
Zara Chavosi,ca CAN,DF,22-327,9.0,5,482.0,5.4,0.0,0.0,0.0,0.0,0.0,0.0,0.0,0.0,0.1,0.1,0.0,0.1,4.0,23.0,1.0,0.0,0.0,0.0,0.0,0.0,0.02,0.0,0.02,0.02,0.02,Matches,Orlando Pride,
Prisca Chilufya,zm ZAM,"FW,MF",26-143,16.0,4,512.0,5.7,2.0,0.0,2.0,2.0,0.0,0.0,2.0,0.0,1.3,1.3,1.1,2.4,28.0,7.0,54.0,0.35,0.0,0.35,0.35,0.35,0.23,0.19,0.42,0.23,0.42,Matches,Orlando Pride,
Julie Doyle,us USA,"MF,FW",27-060,10.0,4,344.0,3.8,1.0,1.0,2.0,1.0,0.0,1.0,0.0,0.0,1.1,0.4,0.7,1.1,9.0,6.0,26.0,0.26,0.26,0.52,0.26,0.52,0.3,0.18,0.48,0.11,0.29,Matches,Orlando Pride,
Simone Charley,us USA,"FW,MF",30-267,9.0,1,226.0,2.5,1.0,0.0,1.0,1.0,0.0,0.0,1.0,0.0,1.9,1.9,0.1,2.0,5.0,4.0,14.0,0.4,0.0,0.4,0.4,0.4,0.77,0.04,0.81,0.77,0.81,Matches,Orlando Pride,
Simone Jackson,us USA,"MF,FW",22-274,7.0,1,202.0,2.2,0.0,1.0,1.0,0.0,0.0,0.0,0.0,0.0,0.8,0.8,0.7,1.5,5.0,4.0,17.0,0.0,0.45,0.45,0.0,0.45,0.36,0.3,0.66,0.36,0.66,Matches,Orlando Pride,
McKinley Crone,,GK,,2.0,1,130.0,1.4,0.0,0.0,0.0,0.0,0.0,0.0,0.0,0.0,0.0,0.0,0.0,0.0,0.0,0.0,0.0,0.0,0.0,0.0,0.0,0.0,0.0,0.0,0.0,0.0,0.0,Matches,Orlando Pride,
Viviana Villacorta,us USA,"MF,DF",26-269,6.0,0,90.0,1.0,0.0,0.0,0.0,0.0,0.0,0.0,1.0,0.0,0.0,0.0,0.0,0.0,0.0,3.0,4.0,0.0,0.0,0.0,0.0,0.0,0.0,0.0,0.0,0.0,0.0,Matches,Orlando Pride,
Grace Chanda,zm ZAM,"MF,FW",28-140,4.0,0,40.0,0.4,0.0,0.0,0.0,0.0,0.0,0.0,0.0,0.0,0.2,0.2,0.0,0.2,2.0,2.0,2.0,0.0,0.0,0.0,0.0,0.0,0.38,0.0,0.38,0.38,0.38,Matches,Orlando Pride,
Luana,br BRA,"FW,MF",32-180,3.0,0,31.0,0.3,0.0,0.0,0.0,0.0,0.0,0.0,1.0,0.0,0.0,0.0,0.2,0.2,0.0,1.0,1.0,0.0,0.0,0.0,0.0,0.0,0.0,0.49,0.49,0.0,0.49,Matches,Orlando Pride,
Brianna Martinez,us USA,FW,25-190,1.0,0,1.0,0.0,0.0,0.0,0.0,0.0,0.0,0.0,0.0,0.0,0.0,0.0,0.0,0.0,0.0,1.0,1.0,0.0,0.0,0.0,0.0,0.0,0.0,0.0,0.0,0.0,0.0,Matches,Orlando Pride,
Elyse Bennett,us USA,FW,26-080,0.0,0,,,,,,,,,,,,,,,,,,,,,,,,,,,,Matches,Orlando Pride,
Squad Total,,,28.6,25.0,275,2250.0,25.0,26.0,18.0,44.0,23.0,3.0,5.0,26.0,0.0,37.2,33.5,25.0,58.5,415.0,986.0,971.0,1.04,0.72,1.76,0.92,1.64,1.49,1.0,2.49,1.34,2.34,,Orlando Pride,
Opponent Total,,,27.0,25.0,275,2250.0,25.0,25.0,14.0,39.0,24.0,1.0,1.0,32.0,0.0,29.0,28.3,19.8,48.1,310.0,761.0,744.0,1.0,0.56,1.56,0.96,1.52,1.16,0.79,1.95,1.13,1.92,,Orlando Pride,
Emma Sears,us USA,"FW,MF",24-249,25.0,25,2154.0,23.9,10.0,2.0,12.0,10.0,0.0,0.0,3.0,0.0,8.3,8.3,2.9,11.2,78.0,35.0,163.0,0.42,0.08,0.5,0.42,0.5,0.35,0.12,0.47,0.35,0.47,Matches,Racing Louisville,
Courtney Petersen,us USA,DF,28-002,24.0,23,2070.0,23.0,0.0,3.0,3.0,0.0,0.0,0.0,2.0,0.0,0.5,0.5,3.2,3.8,11.0,79.0,21.0,0.0,0.13,0.13,0.0,0.13,0.02,0.14,0.16,0.02,0.16,Matches,Racing Louisville,
Ellie Jean,us USA,DF,28-272,22.0,22,1980.0,22.0,1.0,0.0,1.0,1.0,0.0,0.0,1.0,0.0,0.9,0.9,0.1,1.0,7.0,39.0,4.0,0.05,0.0,0.05,0.05,0.05,0.04,0.01,0.05,0.04,0.05,Matches,Racing Louisville,
Taylor Flint,us USA,MF,26-342,22.0,22,1974.0,21.9,4.0,1.0,5.0,2.0,2.0,2.0,9.0,0.0,4.5,3.0,0.8,3.9,5.0,114.0,15.0,0.18,0.05,0.23,0.09,0.14,0.2,0.04,0.24,0.14,0.18,Matches,Racing Louisville,
Janine Sonis,ca CAN,"DF,FW",31-071,25.0,22,1965.0,21.8,3.0,5.0,8.0,3.0,0.0,0.0,0.0,0.0,1.6,1.6,4.2,5.8,29.0,68.0,108.0,0.14,0.23,0.37,0.14,0.37,0.08,0.19,0.27,0.08,0.27,Matches,Racing Louisville,
Arin Wright,us USA,DF,32-309,21.0,20,1820.0,20.2,1.0,2.0,3.0,1.0,0.0,0.0,0.0,0.0,1.1,1.1,1.0,2.0,10.0,60.0,2.0,0.05,0.1,0.15,0.05,0.15,0.05,0.05,0.1,0.05,0.1,Matches,Racing Louisville,
Jordyn Bloomer,us USA,GK,28-016,19.0,19,1710.0,19.0,0.0,0.0,0.0,0.0,0.0,0.0,0.0,0.0,0.0,0.0,0.1,0.1,0.0,0.0,0.0,0.0,0.0,0.0,0.0,0.0,0.0,0.01,0.01,0.0,0.01,Matches,Racing Louisville,
Savannah Demelo,us USA,MF,27-218,18.0,17,1413.0,15.7,3.0,2.0,5.0,2.0,1.0,1.0,4.0,0.0,4.3,3.6,2.6,6.2,24.0,76.0,77.0,0.19,0.13,0.32,0.13,0.25,0.28,0.17,0.44,0.23,0.4,Matches,Racing Louisville,
Ella Hase,us USA,"FW,DF",23-110,22.0,16,1403.0,15.6,0.0,1.0,1.0,0.0,0.0,0.0,3.0,0.0,0.9,0.9,3.1,4.0,28.0,26.0,98.0,0.0,0.06,0.06,0.0,0.06,0.06,0.2,0.26,0.06,0.26,Matches,Racing Louisville,
Lauren Milliet,us USA,DF,28-333,18.0,15,1433.0,15.9,0.0,1.0,1.0,0.0,0.0,0.0,0.0,0.0,0.2,0.2,1.3,1.5,27.0,79.0,27.0,0.0,0.06,0.06,0.0,0.06,0.01,0.08,0.09,0.01,0.09,Matches,Racing Louisville,
Ary Borges,br BRA,MF,25-306,20.0,15,1314.0,14.6,1.0,0.0,1.0,0.0,1.0,1.0,2.0,0.0,4.2,3.4,0.3,3.8,11.0,51.0,33.0,0.07,0.0,0.07,0.0,0.0,0.29,0.02,0.31,0.24,0.26,Matches,Racing Louisville,
Katie O’Kane,,MF,,25.0,15,1298.0,14.4,1.0,2.0,3.0,1.0,0.0,0.0,2.0,0.0,1.6,1.6,1.4,3.0,8.0,46.0,43.0,0.07,0.14,0.21,0.07,0.21,0.11,0.1,0.2,0.11,0.2,Matches,Racing Louisville,
Kayla Fischer,us USA,FW,25-298,20.0,15,1158.0,12.9,3.0,3.0,6.0,3.0,0.0,0.0,6.0,1.0,4.4,4.4,1.8,6.1,22.0,25.0,79.0,0.23,0.23,0.47,0.23,0.47,0.34,0.14,0.48,0.34,0.48,Matches,Racing Louisville,
Sarah Weber,us USA,"FW,MF",22-258,24.0,14,1370.0,15.2,3.0,1.0,4.0,3.0,0.0,0.0,1.0,0.0,4.8,4.8,1.2,5.9,8.0,28.0,57.0,0.2,0.07,0.26,0.2,0.26,0.31,0.08,0.39,0.31,0.39,Matches,Racing Louisville,
Katie Lund,us USA,GK,28-337,6.0,6,540.0,6.0,0.0,0.0,0.0,0.0,0.0,0.0,0.0,0.0,0.0,0.0,0.0,0.0,0.0,0.0,0.0,0.0,0.0,0.0,0.0,0.0,0.0,0.0,0.0,0.0,0.0,Matches,Racing Louisville,
Marisa DiGrande,us USA,MF,28-267,22.0,5,671.0,7.5,1.0,0.0,1.0,1.0,0.0,0.0,2.0,0.0,0.6,0.6,0.6,1.1,5.0,27.0,17.0,0.13,0.0,0.13,0.13,0.13,0.08,0.08,0.15,0.08,0.15,Matches,Racing Louisville,
Makenna Morris,us USA,DF,23-187,6.0,4,338.0,3.8,0.0,0.0,0.0,0.0,0.0,0.0,0.0,0.0,0.3,0.3,0.1,0.4,1.0,14.0,4.0,0.0,0.0,0.0,0.0,0.0,0.09,0.03,0.12,0.09,0.12,Matches,Racing Louisville,
Uchenna Kanu,ng NGA,"MF,FW",28-132,7.0,0,61.0,0.7,1.0,0.0,1.0,1.0,0.0,0.0,0.0,0.0,0.5,0.5,0.1,0.6,1.0,2.0,10.0,1.48,0.0,1.48,1.48,1.48,0.79,0.12,0.91,0.79,0.91,Matches,Racing Louisville,
Bethany Balcer,us USA,"FW,MF",28-237,10.0,0,45.0,0.5,1.0,1.0,2.0,1.0,0.0,0.0,0.0,0.0,0.3,0.3,0.2,0.5,0.0,1.0,5.0,2.0,2.0,4.0,2.0,4.0,0.54,0.44,0.98,0.54,0.98,Matches,Racing Louisville,
Elli Pikkujämsä,fi FIN,MF,26-006,1.0,0,9.0,0.1,0.0,0.0,0.0,0.0,0.0,0.0,0.0,0.0,0.0,0.0,0.0,0.0,0.0,1.0,0.0,0.0,0.0,0.0,0.0,0.0,0.0,0.0,0.0,0.0,0.0,Matches,Racing Louisville,
Maddy Anderson,us USA,GK,23-250,0.0,0,,,,,,,,,,,,,,,,,,,,,,,,,,,,Matches,Racing Louisville,
Jordan Baggett,us USA,MF,29-002,0.0,0,,,,,,,,,,,,,,,,,,,,,,,,,,,,Matches,Racing Louisville,
Ángela Barón,co COL,DF,22-042,0.0,0,,,,,,,,,,,,,,,,,,,,,,,,,,,,Matches,Racing Louisville,
Allie George,us USA,DF,22-219,0.0,0,,,,,,,,,,,,,,,,,,,,,,,,,,,,Matches,Racing Louisville,
Avery Kalitta,,MF,,0.0,0,,,,,,,,,,,,,,,,,,,,,,,,,,,,Matches,Racing Louisville,
Maddie Pokorny,us USA,MF,28-340,0.0,0,,,,,,,,,,,,,,,,,,,,,,,,,,,,Matches,Racing Louisville,
Cristina Roque,pr PUR,GK,23-358,0.0,0,,,,,,,,,,,,,,,,,,,,,,,,,,,,Matches,Racing Louisville,
Katie Scott,us USA,MF,18-132,0.0,0,,,,,,,,,,,,,,,,,,,,,,,,,,,,Matches,Racing Louisville,
Madison White,us USA,GK,24-137,0.0,0,,,,,,,,,,,,,,,,,,,,,,,,,,,,Matches,Racing Louisville,
Squad Total,,,27.5,25.0,275,2250.0,25.0,33.0,24.0,57.0,29.0,4.0,4.0,35.0,1.0,37.6,34.8,24.9,59.7,275.0,771.0,763.0,1.32,0.96,2.28,1.16,2.12,1.5,1.0,2.5,1.39,2.39,,Racing Louisville,
Opponent Total,,,27.1,25.0,275,2250.0,25.0,35.0,20.0,55.0,32.0,3.0,6.0,45.0,1.0,35.0,30.5,23.9,54.5,373.0,935.0,926.0,1.4,0.8,2.2,1.28,2.08,1.4,0.96,2.36,1.22,2.18,,Racing Louisville,
Emily Sonnett,us USA,DF,31-338,25.0,25,2249.0,25.0,0.0,0.0,0.0,0.0,0.0,0.0,5.0,0.0,1.0,1.0,0.3,1.3,13.0,72.0,7.0,0.0,0.0,0.0,0.0,0.0,0.04,0.01,0.05,0.04,0.05,Matches,Gotham FC,
Jaelin Howell,us USA,MF,25-342,24.0,24,2155.0,23.9,4.0,1.0,5.0,4.0,0.0,0.0,7.0,1.0,3.0,3.0,0.6,3.6,32.0,98.0,51.0,0.17,0.04,0.21,0.17,0.21,0.12,0.02,0.15,0.12,0.15,Matches,Gotham FC,
Ann-Katrin Berger,de GER,GK,35-020,23.0,23,2067.0,23.0,0.0,0.0,0.0,0.0,0.0,0.0,0.0,0.0,0.0,0.0,0.1,0.1,0.0,7.0,0.0,0.0,0.0,0.0,0.0,0.0,0.0,0.01,0.01,0.0,0.01,Matches,Gotham FC,
Esther González,es ESP,"FW,MF",32-325,23.0,22,1911.0,21.2,13.0,1.0,14.0,11.0,2.0,2.0,2.0,0.0,9.4,7.9,2.0,9.9,29.0,62.0,116.0,0.61,0.05,0.66,0.52,0.57,0.44,0.09,0.54,0.37,0.47,Matches,Gotham FC,
Jess Carter,eng ENG,DF,28-002,22.0,22,1821.0,20.2,0.0,0.0,0.0,0.0,0.0,0.0,1.0,1.0,0.1,0.1,0.1,0.2,10.0,65.0,7.0,0.0,0.0,0.0,0.0,0.0,0.01,0.01,0.01,0.01,0.01,Matches,Gotham FC,
Lilly Reale,us USA,DF,22-078,25.0,21,1915.0,21.3,1.0,1.0,2.0,1.0,0.0,0.0,1.0,0.0,1.2,1.2,1.2,2.4,38.0,99.0,57.0,0.05,0.05,0.09,0.05,0.09,0.06,0.06,0.11,0.06,0.11,Matches,Gotham FC,
Sarah Schupansky,us USA,MF,22-065,23.0,16,1286.0,14.3,1.0,5.0,6.0,1.0,0.0,0.0,3.0,0.0,1.0,1.0,4.4,5.4,9.0,39.0,63.0,0.07,0.35,0.42,0.07,0.42,0.07,0.31,0.38,0.07,0.38,Matches,Gotham FC,
Bruninha,br BRA,"DF,MF",23-135,22.0,15,1332.0,14.8,0.0,1.0,1.0,0.0,0.0,0.0,2.0,0.0,0.0,0.0,1.4,1.4,24.0,70.0,73.0,0.0,0.07,0.07,0.0,0.07,0.0,0.1,0.1,0.0,0.1,Matches,Gotham FC,
Mandy Freeman,us USA,DF,30-220,21.0,12,1209.0,13.4,0.0,1.0,1.0,0.0,0.0,0.0,0.0,1.0,0.0,0.0,0.7,0.7,11.0,59.0,19.0,0.0,0.07,0.07,0.0,0.07,0.0,0.05,0.05,0.0,0.05,Matches,Gotham FC,
Nealy Martin,us USA,"MF,DF",27-190,16.0,12,1060.0,11.8,0.0,1.0,1.0,0.0,0.0,0.0,2.0,0.0,0.2,0.2,0.4,0.6,3.0,30.0,11.0,0.0,0.08,0.08,0.0,0.08,0.02,0.04,0.05,0.02,0.05,Matches,Gotham FC,
Rose Lavelle,us USA,MF,30-168,15.0,12,948.0,10.5,4.0,2.0,6.0,4.0,0.0,0.0,1.0,0.0,3.1,3.1,2.3,5.3,25.0,67.0,51.0,0.38,0.19,0.57,0.38,0.57,0.29,0.21,0.5,0.29,0.5,Matches,Gotham FC,
Geyse,br BRA,"FW,MF",27-216,17.0,12,899.0,10.0,2.0,2.0,4.0,2.0,0.0,0.0,3.0,1.0,2.0,2.0,1.0,3.0,29.0,20.0,53.0,0.2,0.2,0.4,0.2,0.4,0.2,0.1,0.3,0.2,0.3,Matches,Gotham FC,
Gabi Portilho,br BRA,"MF,FW",30-103,16.0,11,959.0,10.7,2.0,3.0,5.0,2.0,0.0,0.0,3.0,0.0,1.7,1.7,2.3,4.0,28.0,27.0,92.0,0.19,0.28,0.47,0.19,0.47,0.16,0.21,0.38,0.16,0.38,Matches,Gotham FC,
Margaret Purce,us USA,"FW,MF",30-041,19.0,10,984.0,10.9,1.0,1.0,2.0,1.0,0.0,0.0,1.0,0.0,1.5,1.5,1.9,3.4,43.0,27.0,83.0,0.09,0.09,0.18,0.09,0.18,0.14,0.17,0.31,0.14,0.31,Matches,Gotham FC,
Taryn Torres,us USA,MF,26-189,15.0,8,762.0,8.5,0.0,0.0,0.0,0.0,0.0,0.0,3.0,0.0,0.4,0.4,0.4,0.8,6.0,26.0,7.0,0.0,0.0,0.0,0.0,0.0,0.04,0.05,0.1,0.04,0.1,Matches,Gotham FC,
Ella Stevens,us USA,MF,27-322,10.0,7,645.0,7.2,0.0,1.0,1.0,0.0,0.0,0.0,2.0,0.0,0.9,0.9,1.7,2.6,14.0,14.0,40.0,0.0,0.14,0.14,0.0,0.14,0.13,0.24,0.37,0.13,0.37,Matches,Gotham FC,
Josefine Hasbo,dk DEN,MF,23-343,8.0,6,535.0,5.9,0.0,0.0,0.0,0.0,0.0,0.0,0.0,0.0,0.1,0.1,0.0,0.1,1.0,23.0,9.0,0.0,0.0,0.0,0.0,0.0,0.02,0.0,0.02,0.02,0.02,Matches,Gotham FC,
Jaedyn Shaw,us USA,"FW,MF",20-343,6.0,5,456.0,5.1,1.0,1.0,2.0,1.0,0.0,0.0,0.0,0.0,0.9,0.9,1.2,2.0,3.0,12.0,39.0,0.2,0.2,0.39,0.2,0.39,0.17,0.23,0.4,0.17,0.4,Matches,Gotham FC,
Katie Stengel,us USA,FW,33-242,12.0,4,462.0,5.1,1.0,0.0,1.0,1.0,0.0,0.0,0.0,0.0,2.7,2.7,0.3,3.0,14.0,17.0,31.0,0.19,0.0,0.19,0.19,0.19,0.53,0.06,0.58,0.53,0.58,Matches,Gotham FC,
Tierna Davidson,us USA,DF,27-041,3.0,3,223.0,2.5,0.0,0.0,0.0,0.0,0.0,0.0,0.0,0.0,0.2,0.2,0.0,0.2,3.0,12.0,0.0,0.0,0.0,0.0,0.0,0.0,0.08,0.0,0.08,0.08,0.08,Matches,Gotham FC,
Khyah Harper,us USA,"FW,MF",23-075,12.0,2,212.0,2.4,1.0,0.0,1.0,1.0,0.0,0.0,1.0,0.0,0.8,0.8,0.3,1.1,8.0,4.0,20.0,0.42,0.0,0.42,0.42,0.42,0.34,0.14,0.48,0.34,0.48,Matches,Gotham FC,
Shelby Hogan,us USA,GK,27-172,2.0,2,180.0,2.0,0.0,0.0,0.0,0.0,0.0,0.0,0.0,0.0,0.0,0.0,0.0,0.0,0.0,0.0,0.0,0.0,0.0,0.0,0.0,0.0,0.0,0.0,0.0,0.0,0.0,Matches,Gotham FC,
Jéssica Silva,pt POR,"MF,DF",30-322,3.0,1,90.0,1.0,0.0,0.0,0.0,0.0,0.0,0.0,0.0,0.0,0.8,0.8,0.0,0.8,3.0,3.0,4.0,0.0,0.0,0.0,0.0,0.0,0.76,0.0,0.76,0.76,0.76,Matches,Gotham FC,
Sofia Cook,us USA,"MF,FW",21-083,9.0,0,148.0,1.6,0.0,0.0,0.0,0.0,0.0,0.0,0.0,0.0,0.3,0.3,0.2,0.5,4.0,9.0,7.0,0.0,0.0,0.0,0.0,0.0,0.16,0.11,0.28,0.16,0.28,Matches,Gotham FC,
Mak Whitham,us USA,"MF,FW",15-094,6.0,0,59.0,0.7,0.0,0.0,0.0,0.0,0.0,0.0,0.0,0.0,0.2,0.2,0.0,0.2,1.0,1.0,7.0,0.0,0.0,0.0,0.0,0.0,0.27,0.0,0.27,0.27,0.27,Matches,Gotham FC,
Cecelia Kizer,us USA,MF,28-113,3.0,0,38.0,0.4,0.0,0.0,0.0,0.0,0.0,0.0,0.0,0.0,0.0,0.0,0.0,0.0,2.0,2.0,4.0,0.0,0.0,0.0,0.0,0.0,0.0,0.0,0.0,0.0,0.0,Matches,Gotham FC,
Kayla Duran,,DF,,6.0,0,37.0,0.4,0.0,0.0,0.0,0.0,0.0,0.0,0.0,0.0,0.1,0.1,0.0,0.1,1.0,3.0,2.0,0.0,0.0,0.0,0.0,0.0,0.36,0.0,0.36,0.36,0.36,Matches,Gotham FC,
Stella Nyamekye,gh GHA,MF,20-041,2.0,0,24.0,0.3,0.0,0.0,0.0,0.0,0.0,0.0,0.0,0.0,0.0,0.0,0.0,0.0,0.0,0.0,0.0,0.0,0.0,0.0,0.0,0.0,0.0,0.0,0.0,0.0,0.0,Matches,Gotham FC,
Ryan Campbell,us USA,GK,23-225,1.0,0,3.0,0.0,0.0,0.0,0.0,0.0,0.0,0.0,0.0,0.0,0.0,0.0,0.0,0.0,0.0,0.0,0.0,0.0,0.0,0.0,0.0,0.0,0.0,0.0,0.0,0.0,0.0,Matches,Gotham FC,
Michelle Betos,us USA,GK,37-251,0.0,0,,,,,,,,,,,,,,,,,,,,,,,,,,,,Matches,Gotham FC,
Emerson Elgin,us USA,DF,22-222,0.0,0,,,,,,,,,,,,,,,,,,,,,,,,,,,,Matches,Gotham FC,
Tyler McCamey,us USA,MF,24-071,0.0,0,,,,,,,,,,,,,,,,,,,,,,,,,,,,Matches,Gotham FC,
Squad Total,,,28.2,25.0,275,2250.0,25.0,31.0,21.0,52.0,29.0,2.0,2.0,37.0,4.0,31.4,29.9,22.6,52.5,354.0,868.0,853.0,1.24,0.84,2.08,1.16,2.0,1.25,0.91,2.16,1.2,2.1,,Gotham FC,
Opponent Total,,,27.3,25.0,275,2250.0,25.0,20.0,14.0,34.0,18.0,2.0,2.0,35.0,0.0,23.4,21.9,17.0,38.9,287.0,650.0,641.0,0.8,0.56,1.36,0.72,1.28,0.94,0.68,1.61,0.88,1.55,,Gotham FC,
Kaleigh Kurtz,us USA,DF,28-050,,25,2250.0,25.0,1.0,0.0,1.0,1.0,0.0,0.0,1.0,0.0,0.9,0.9,0.2,1.1,5.0,82.0,3.0,0.04,0.0,0.04,0.04,0.04,0.04,0.01,0.05,0.04,0.05,Matches,North Carolina Courage,25.0
Ryan Williams,us USA,"DF,MF",29-248,,25,2246.0,25.0,1.0,2.0,3.0,1.0,0.0,0.0,1.0,0.0,1.4,1.4,3.1,4.5,65.0,110.0,135.0,0.04,0.08,0.12,0.04,0.12,0.06,0.12,0.18,0.06,0.18,Matches,North Carolina Courage,25.0
Manaka Matsukubo,jp JPN,"FW,MF",21-093,,23,2017.0,22.4,10.0,4.0,14.0,10.0,0.0,1.0,4.0,0.0,10.7,10.0,4.1,14.1,38.0,97.0,146.0,0.45,0.18,0.62,0.45,0.62,0.48,0.18,0.66,0.45,0.63,Matches,North Carolina Courage,25.0
Riley Jackson,us USA,MF,19-331,,22,1873.0,20.8,2.0,1.0,3.0,1.0,1.0,2.0,3.0,0.0,2.7,1.2,2.6,3.8,12.0,122.0,34.0,0.1,0.05,0.14,0.05,0.1,0.13,0.12,0.25,0.06,0.18,Matches,North Carolina Courage,24.0
Maycee Bell,us USA,DF,25-041,,20,1803.0,20.0,0.0,0.0,0.0,0.0,0.0,0.0,1.0,0.0,1.2,1.2,1.1,2.3,5.0,51.0,6.0,0.0,0.0,0.0,0.0,0.0,0.06,0.06,0.12,0.06,0.12,Matches,North Carolina Courage,23.0
Casey Murphy,us USA,GK,29-187,,20,1800.0,20.0,0.0,0.0,0.0,0.0,0.0,0.0,0.0,0.0,0.0,0.0,0.0,0.0,0.0,1.0,0.0,0.0,0.0,0.0,0.0,0.0,0.0,0.0,0.0,0.0,0.0,Matches,North Carolina Courage,20.0
Ashley Sanchez,us USA,"FW,MF",26-227,,17,1386.0,15.4,2.0,2.0,4.0,2.0,0.0,0.0,0.0,0.0,2.7,2.7,3.7,6.5,34.0,68.0,93.0,0.13,0.13,0.26,0.13,0.26,0.18,0.24,0.42,0.18,0.42,Matches,North Carolina Courage,22.0
Denise O'Sullivan,ie IRL,MF,31-267,,16,1416.0,15.7,0.0,2.0,2.0,0.0,0.0,0.0,2.0,0.0,0.6,0.6,1.1,1.7,17.0,73.0,36.0,0.0,0.13,0.13,0.0,0.13,0.04,0.07,0.11,0.04,0.11,Matches,North Carolina Courage,17.0
Shinomi Koyama,jp JPN,"MF,FW",20-271,,15,1353.0,15.0,3.0,1.0,4.0,3.0,0.0,0.0,1.0,0.0,4.6,4.6,2.1,6.6,8.0,74.0,50.0,0.2,0.07,0.27,0.2,0.27,0.31,0.14,0.44,0.31,0.44,Matches,North Carolina Courage,24.0
Tyler Lussi,us USA,"FW,MF",30-276,,14,1167.0,13.0,2.0,1.0,3.0,2.0,0.0,0.0,3.0,0.0,2.4,2.4,1.9,4.2,18.0,32.0,81.0,0.15,0.08,0.23,0.15,0.23,0.18,0.14,0.33,0.18,0.33,Matches,North Carolina Courage,20.0
Jaedyn Shaw,us USA,"MF,FW",20-343,,10,1002.0,11.1,3.0,1.0,4.0,2.0,1.0,2.0,2.0,0.0,4.7,3.2,2.0,5.1,12.0,49.0,58.0,0.27,0.09,0.36,0.18,0.27,0.42,0.18,0.59,0.28,0.46,Matches,North Carolina Courage,19.0
Malia Berkely,us USA,DF,27-258,,9,804.0,8.9,0.0,1.0,1.0,0.0,0.0,0.0,0.0,0.0,0.2,0.2,0.4,0.5,7.0,43.0,5.0,0.0,0.11,0.11,0.0,0.11,0.02,0.04,0.06,0.02,0.06,Matches,North Carolina Courage,11.0
Felicitas Rauch,de GER,"DF,MF",29-182,,8,671.0,7.5,2.0,1.0,3.0,2.0,0.0,0.0,1.0,0.0,0.8,0.8,2.6,3.4,6.0,15.0,28.0,0.27,0.13,0.4,0.27,0.4,0.11,0.35,0.46,0.11,0.46,Matches,North Carolina Courage,10.0
Talia Staude,us USA,DF,24-192,,7,679.0,7.5,0.0,0.0,0.0,0.0,0.0,0.0,0.0,0.0,0.4,0.4,0.1,0.4,5.0,37.0,6.0,0.0,0.0,0.0,0.0,0.0,0.05,0.01,0.06,0.05,0.06,Matches,North Carolina Courage,9.0
Dani Weatherholt,us USA,"DF,MF",31-226,,7,582.0,6.5,0.0,0.0,0.0,0.0,0.0,0.0,1.0,0.0,0.0,0.0,0.3,0.4,9.0,20.0,10.0,0.0,0.0,0.0,0.0,0.0,0.0,0.05,0.06,0.0,0.06,Matches,North Carolina Courage,12.0
Hannah Betfort,us USA,FW,26-298,,6,697.0,7.7,2.0,0.0,2.0,2.0,0.0,0.0,2.0,0.0,2.6,2.6,0.5,3.1,11.0,10.0,44.0,0.26,0.0,0.26,0.26,0.26,0.34,0.07,0.4,0.34,0.4,Matches,North Carolina Courage,19.0
Brianna Pinto,us USA,"FW,MF",25-158,,6,569.0,6.3,3.0,0.0,3.0,3.0,0.0,0.0,0.0,0.0,2.3,2.3,0.3,2.6,1.0,8.0,21.0,0.47,0.0,0.47,0.47,0.47,0.37,0.05,0.42,0.37,0.42,Matches,North Carolina Courage,18.0
Cortnee Vine,au AUS,FW,27-203,,5,506.0,5.6,1.0,0.0,1.0,1.0,0.0,0.0,0.0,0.0,2.0,2.0,0.7,2.7,6.0,8.0,38.0,0.18,0.0,0.18,0.18,0.18,0.35,0.13,0.48,0.35,0.48,Matches,North Carolina Courage,15.0
Marisa Bova,us USA,GK,25-084,,5,450.0,5.0,0.0,0.0,0.0,0.0,0.0,0.0,0.0,0.0,0.0,0.0,0.0,0.0,0.0,0.0,0.0,0.0,0.0,0.0,0.0,0.0,0.0,0.0,0.0,0.0,0.0,Matches,North Carolina Courage,5.0
Payton Linnehan,us USA,FW,24-218,,5,421.0,4.7,0.0,1.0,1.0,0.0,0.0,0.0,0.0,0.0,0.3,0.3,0.4,0.7,7.0,14.0,50.0,0.0,0.21,0.21,0.0,0.21,0.06,0.1,0.16,0.06,0.16,Matches,North Carolina Courage,8.0
Meredith Speck,us USA,"FW,DF",32-270,,4,407.0,4.5,0.0,3.0,3.0,0.0,0.0,0.0,0.0,0.0,0.3,0.3,1.5,1.8,9.0,18.0,58.0,0.0,0.66,0.66,0.0,0.66,0.06,0.34,0.39,0.06,0.39,Matches,North Carolina Courage,14.0
Aline,br BRA,"FW,MF",20-114,,3,349.0,3.9,1.0,0.0,1.0,1.0,0.0,0.0,0.0,0.0,1.0,1.0,0.4,1.4,12.0,8.0,37.0,0.26,0.0,0.26,0.26,0.26,0.25,0.11,0.36,0.25,0.36,Matches,North Carolina Courage,14.0
Natalie Jacobs,us USA,DF,28-074,,3,271.0,3.0,0.0,0.0,0.0,0.0,0.0,0.0,0.0,0.0,0.5,0.5,0.0,0.5,4.0,14.0,5.0,0.0,0.0,0.0,0.0,0.0,0.17,0.01,0.17,0.17,0.17,Matches,North Carolina Courage,5.0
Brooklyn Courtnall,ca CAN,"DF,FW",22-305,,0,29.0,0.3,0.0,0.0,0.0,0.0,0.0,0.0,0.0,0.0,0.0,0.0,0.0,0.0,2.0,2.0,4.0,0.0,0.0,0.0,0.0,0.0,0.0,0.0,0.0,0.0,0.0,Matches,North Carolina Courage,2.0
Heather Macnab,,MF,,,0,2.0,0.0,0.0,0.0,0.0,0.0,0.0,0.0,0.0,0.0,0.0,0.0,0.0,0.0,1.0,0.0,0.0,0.0,0.0,0.0,0.0,0.0,0.0,1.08,1.08,0.0,1.08,Matches,North Carolina Courage,2.0
Katie Cappelletti,,GK,,,0,,,,,,,,,,,,,,,,,,,,,,,,,,,,Matches,North Carolina Courage,0.0
Charlotte Mclean,au AUS,DF,25-242,,0,,,,,,,,,,,,,,,,,,,,,,,,,,,,Matches,North Carolina Courage,0.0
Amber Nguyen,us USA,MF,23-245,,0,,,,,,,,,,,,,,,,,,,,,,,,,,,,Matches,North Carolina Courage,0.0
Olivia Pena,us USA,MF,22-120,,0,,,,,,,,,,,,,,,,,,,,,,,,,,,,Matches,North Carolina Courage,0.0
Squad Total,,,26.3,,275,2250.0,25.0,33.0,20.0,53.0,31.0,2.0,5.0,22.0,0.0,40.3,36.8,28.7,65.4,294.0,956.0,948.0,1.32,0.8,2.12,1.24,2.04,1.61,1.15,2.76,1.47,2.62,,North Carolina Courage,25.0
Opponent Total,,,27.2,,275,2250.0,25.0,36.0,28.0,64.0,35.0,1.0,1.0,28.0,1.0,31.7,30.9,24.2,55.1,315.0,759.0,748.0,1.44,1.12,2.56,1.4,2.52,1.27,0.97,2.23,1.24,2.2,,North Carolina Courage,25.0
Sarah Gorden,us USA,DF,33-046,25.0,25,2183.0,24.3,0.0,0.0,0.0,0.0,0.0,0.0,2.0,0.0,0.0,0.0,0.3,0.3,15.0,105.0,3.0,0.0,0.0,0.0,0.0,0.0,0.0,0.01,0.01,0.0,0.01,Matches,Angel City FC,
Riley Tiernan,us USA,FW,22-349,25.0,25,2120.0,23.6,8.0,1.0,9.0,8.0,0.0,0.0,4.0,0.0,4.1,4.1,2.2,6.3,43.0,41.0,105.0,0.34,0.04,0.38,0.34,0.38,0.18,0.09,0.27,0.18,0.27,Matches,Angel City FC,
Angelina Anderson,us USA,GK,24-221,21.0,21,1890.0,21.0,0.0,0.0,0.0,0.0,0.0,0.0,0.0,0.0,0.0,0.0,0.0,0.0,0.0,0.0,1.0,0.0,0.0,0.0,0.0,0.0,0.0,0.0,0.0,0.0,0.0,Matches,Angel City FC,
Kennedy Fuller,us USA,MF,18-234,25.0,21,1818.0,20.2,4.0,3.0,7.0,4.0,0.0,0.0,1.0,0.0,4.4,4.4,2.5,6.8,26.0,83.0,78.0,0.2,0.15,0.35,0.2,0.35,0.22,0.12,0.34,0.22,0.34,Matches,Angel City FC,
Gisele Thompson,us USA,DF,19-331,22.0,20,1568.0,17.4,1.0,5.0,6.0,1.0,0.0,0.0,1.0,0.0,1.7,1.7,1.5,3.2,54.0,52.0,90.0,0.06,0.29,0.34,0.06,0.34,0.1,0.08,0.18,0.1,0.18,Matches,Angel City FC,
Alyssa Thompson,us USA,"FW,MF",20-356,16.0,16,1393.0,15.5,6.0,2.0,8.0,5.0,1.0,2.0,3.0,0.0,4.9,3.5,3.3,6.8,52.0,36.0,124.0,0.39,0.13,0.52,0.32,0.45,0.32,0.22,0.53,0.22,0.44,Matches,Angel City FC,
Alanna Kennedy,au AUS,"MF,DF",30-281,16.0,16,1347.0,15.0,1.0,1.0,2.0,1.0,0.0,0.0,0.0,0.0,1.4,1.4,0.7,2.1,6.0,54.0,13.0,0.07,0.07,0.13,0.07,0.13,0.09,0.05,0.14,0.09,0.14,Matches,Angel City FC,
Mary Vignola,us USA,"DF,FW",27-260,20.0,16,1337.0,14.9,1.0,2.0,3.0,1.0,0.0,0.0,1.0,0.0,1.5,1.5,0.6,2.1,26.0,62.0,43.0,0.07,0.13,0.2,0.07,0.2,0.1,0.04,0.14,0.1,0.14,Matches,Angel City FC,
Miyabi Moriya,jp JPN,DF,29-068,24.0,12,1350.0,15.0,0.0,2.0,2.0,0.0,0.0,0.0,1.0,0.0,0.4,0.4,1.9,2.3,12.0,47.0,57.0,0.0,0.13,0.13,0.0,0.13,0.03,0.13,0.15,0.03,0.15,Matches,Angel City FC,
Evelyn Shores,us USA,"DF,MF",20-304,12.0,12,983.0,10.9,1.0,0.0,1.0,1.0,0.0,0.0,1.0,0.0,0.9,0.9,0.1,1.0,11.0,38.0,25.0,0.09,0.0,0.09,0.09,0.09,0.08,0.01,0.09,0.08,0.09,Matches,Angel City FC,
Sveindís Jane Jónsdóttir,is ISL,FW,24-146,12.0,11,968.0,10.8,1.0,1.0,2.0,1.0,0.0,0.0,1.0,0.0,2.1,2.1,2.0,4.0,20.0,20.0,70.0,0.09,0.09,0.19,0.09,0.19,0.19,0.18,0.37,0.19,0.37,Matches,Angel City FC,
Madison Hammond,us USA,MF,27-348,21.0,9,927.0,10.3,0.0,0.0,0.0,0.0,0.0,0.0,1.0,0.0,0.9,0.9,0.3,1.2,5.0,49.0,15.0,0.0,0.0,0.0,0.0,0.0,0.09,0.03,0.12,0.09,0.12,Matches,Angel City FC,
Macey Hodge,us USA,MF,24-178,16.0,9,755.0,8.4,1.0,0.0,1.0,1.0,0.0,0.0,6.0,0.0,0.8,0.8,0.1,0.9,4.0,26.0,3.0,0.12,0.0,0.12,0.12,0.12,0.09,0.01,0.1,0.09,0.1,Matches,Angel City FC,
Megan Reid,us USA,DF,29-203,17.0,8,806.0,9.0,0.0,0.0,0.0,0.0,0.0,0.0,1.0,0.0,0.5,0.5,0.2,0.7,1.0,18.0,1.0,0.0,0.0,0.0,0.0,0.0,0.05,0.02,0.07,0.05,0.07,Matches,Angel City FC,
Savannah King,us USA,DF,20-264,8.0,8,708.0,7.9,0.0,0.0,0.0,0.0,0.0,0.0,2.0,0.0,0.1,0.1,0.0,0.1,1.0,11.0,0.0,0.0,0.0,0.0,0.0,0.0,0.01,0.01,0.02,0.01,0.02,Matches,Angel City FC,
Claire Emslie,sct SCO,"FW,MF",31-235,8.0,7,519.0,5.8,0.0,1.0,1.0,0.0,0.0,0.0,0.0,0.0,1.2,1.2,1.3,2.5,14.0,21.0,41.0,0.0,0.17,0.17,0.0,0.17,0.2,0.23,0.43,0.2,0.43,Matches,Angel City FC,
Katie Zelem,eng ENG,MF,29-282,15.0,6,585.0,6.5,2.0,0.0,2.0,2.0,0.0,0.0,2.0,0.0,1.2,1.2,0.6,1.8,2.0,41.0,14.0,0.31,0.0,0.31,0.31,0.31,0.18,0.1,0.28,0.18,0.28,Matches,Angel City FC,
Sara Doorsoun,de GER,DF,33-346,7.0,6,542.0,6.0,0.0,0.0,0.0,0.0,0.0,0.0,1.0,0.0,0.2,0.2,0.0,0.2,7.0,28.0,1.0,0.0,0.0,0.0,0.0,0.0,0.03,0.0,0.03,0.03,0.03,Matches,Angel City FC,
Jun Endō,jp JPN,"MF,FW",25-158,9.0,6,427.0,4.7,0.0,1.0,1.0,0.0,0.0,0.0,0.0,0.0,0.3,0.3,1.2,1.5,6.0,21.0,32.0,0.0,0.21,0.21,0.0,0.21,0.07,0.25,0.32,0.07,0.32,Matches,Angel City FC,
Nealy Martin,us USA,MF,27-190,6.0,5,495.0,5.5,0.0,0.0,0.0,0.0,0.0,0.0,1.0,0.0,0.1,0.1,0.4,0.5,2.0,24.0,7.0,0.0,0.0,0.0,0.0,0.0,0.02,0.07,0.08,0.02,0.08,Matches,Angel City FC,
Julie Dufour,fr FRA,"FW,MF",24-153,10.0,4,370.0,4.1,0.0,0.0,0.0,0.0,0.0,0.0,1.0,0.0,0.0,0.0,0.7,0.8,9.0,10.0,18.0,0.0,0.0,0.0,0.0,0.0,0.01,0.18,0.19,0.01,0.19,Matches,Angel City FC,
Hannah Seabert,dk DEN,GK,30-243,4.0,4,360.0,4.0,0.0,0.0,0.0,0.0,0.0,0.0,0.0,0.0,0.0,0.0,0.0,0.0,0.0,0.0,0.0,0.0,0.0,0.0,0.0,0.0,0.0,0.0,0.0,0.0,0.0,Matches,Angel City FC,
Maiara,br BRA,MF,21-079,13.0,3,424.0,4.7,2.0,0.0,2.0,2.0,0.0,0.0,2.0,0.0,2.1,2.1,0.8,2.9,11.0,11.0,19.0,0.42,0.0,0.42,0.42,0.42,0.45,0.16,0.61,0.45,0.61,Matches,Angel City FC,
Hina Sugita,jp JPN,MF,28-271,3.0,3,270.0,3.0,0.0,0.0,0.0,0.0,0.0,0.0,1.0,0.0,0.2,0.2,0.3,0.5,2.0,21.0,14.0,0.0,0.0,0.0,0.0,0.0,0.06,0.09,0.15,0.06,0.15,Matches,Angel City FC,
Christen Press,us USA,"FW,MF",36-304,21.0,2,430.0,4.8,1.0,0.0,1.0,1.0,0.0,0.0,0.0,0.0,0.9,0.9,0.3,1.2,8.0,9.0,35.0,0.21,0.0,0.21,0.21,0.21,0.19,0.06,0.25,0.19,0.25,Matches,Angel City FC,
Casey Phair,kr KOR,"FW,MF",18-122,5.0,0,90.0,1.0,0.0,0.0,0.0,0.0,0.0,0.0,0.0,0.0,0.0,0.0,0.1,0.1,3.0,1.0,2.0,0.0,0.0,0.0,0.0,0.0,0.0,0.12,0.12,0.0,0.12,Matches,Angel City FC,
Hannah Johnson,us USA,DF,22-251,1.0,0,29.0,0.3,0.0,0.0,0.0,0.0,0.0,0.0,0.0,0.0,0.0,0.0,0.0,0.0,1.0,1.0,0.0,0.0,0.0,0.0,0.0,0.0,0.0,0.0,0.0,0.0,0.0,Matches,Angel City FC,
Sophia Mattice,us USA,"DF,MF",23-126,3.0,0,27.0,0.3,0.0,0.0,0.0,0.0,0.0,0.0,0.0,0.0,0.0,0.0,0.0,0.0,1.0,1.0,2.0,0.0,0.0,0.0,0.0,0.0,0.0,0.0,0.0,0.0,0.0,Matches,Angel City FC,
Prisca Chilufya,zm ZAM,"MF,FW",26-143,2.0,0,19.0,0.2,0.0,0.0,0.0,0.0,0.0,0.0,0.0,0.0,0.1,0.1,0.0,0.1,1.0,0.0,2.0,0.0,0.0,0.0,0.0,0.0,0.25,0.0,0.25,0.25,0.25,Matches,Angel City FC,
Ali Riley,nz NZL,DF,37-364,1.0,0,9.0,0.1,0.0,0.0,0.0,0.0,0.0,0.0,0.0,0.0,0.0,0.0,0.0,0.0,0.0,0.0,0.0,0.0,0.0,0.0,0.0,0.0,0.0,0.0,0.0,0.0,0.0,Matches,Angel City FC,
Lily Nabet,us USA,MF,26-035,1.0,0,1.0,0.0,0.0,0.0,0.0,0.0,0.0,0.0,0.0,0.0,0.0,0.0,0.0,0.0,0.0,0.0,0.0,0.0,0.0,0.0,0.0,0.0,0.0,0.0,0.0,0.0,0.0,Matches,Angel City FC,
Elizabeth Eddy,us USA,"DF,MF",34-046,0.0,0,,,,,,,,,,,,,,,,,,,,,,,,,,,,Matches,Angel City FC,
Bre Norris,us USA,GK,22-153,0.0,0,,,,,,,,,,,,,,,,,,,,,,,,,,,,Matches,Angel City FC,
Hannah Stambaugh,jp JPN,GK,26-309,0.0,0,,,,,,,,,,,,,,,,,,,,,,,,,,,,Matches,Angel City FC,
Squad Total,,,25.9,25.0,275,2250.0,25.0,29.0,19.0,48.0,28.0,1.0,2.0,33.0,0.0,29.5,28.1,21.3,49.4,343.0,831.0,815.0,1.16,0.76,1.92,1.12,1.88,1.18,0.85,2.03,1.12,1.97,,Angel City FC,
Opponent Total,,,27.2,25.0,275,2250.0,25.0,36.0,21.0,57.0,32.0,4.0,5.0,34.0,1.0,37.3,33.6,26.5,60.1,310.0,766.0,752.0,1.44,0.84,2.28,1.28,2.12,1.49,1.06,2.55,1.34,2.4,,Angel City FC,
Danielle Colaprico,us USA,MF,32-176,25.0,25,2102.0,23.4,0.0,0.0,0.0,0.0,0.0,0.0,2.0,0.0,0.6,0.6,0.4,1.1,7.0,66.0,7.0,0.0,0.0,0.0,0.0,0.0,0.03,0.02,0.05,0.03,0.05,Matches,Houston Dash,
Delanie Sheehan,us USA,"MF,FW",26-289,25.0,24,1986.0,22.1,1.0,2.0,3.0,1.0,0.0,0.0,2.0,0.0,1.7,1.7,3.0,4.7,30.0,75.0,77.0,0.05,0.09,0.14,0.05,0.14,0.08,0.13,0.21,0.08,0.21,Matches,Houston Dash,
Paige Nielsen,us USA,DF,32-015,25.0,23,2127.0,23.6,1.0,0.0,1.0,1.0,0.0,0.0,1.0,0.0,1.8,1.8,0.1,1.9,17.0,68.0,5.0,0.04,0.0,0.04,0.04,0.04,0.07,0.0,0.08,0.07,0.08,Matches,Houston Dash,
Yazmeen Ryan,us USA,"FW,MF",26-246,23.0,23,2070.0,23.0,4.0,3.0,7.0,4.0,0.0,1.0,1.0,0.0,5.2,4.5,3.7,8.2,69.0,82.0,129.0,0.17,0.13,0.3,0.17,0.3,0.23,0.16,0.39,0.2,0.36,Matches,Houston Dash,
Avery Patterson,us USA,"DF,MF",23-137,21.0,21,1825.0,20.3,3.0,2.0,5.0,3.0,0.0,0.0,2.0,0.0,1.9,1.9,2.3,4.2,64.0,63.0,74.0,0.15,0.1,0.25,0.15,0.25,0.09,0.11,0.21,0.09,0.21,Matches,Houston Dash,
Jane Campbell,us USA,GK,30-254,17.0,17,1452.0,16.1,0.0,0.0,0.0,0.0,0.0,0.0,0.0,0.0,0.0,0.0,0.0,0.0,0.0,2.0,0.0,0.0,0.0,0.0,0.0,0.0,0.0,0.0,0.0,0.0,0.0,Matches,Houston Dash,
Maggie Graham,us USA,"MF,DF",23-111,20.0,16,1520.0,16.9,3.0,3.0,6.0,3.0,0.0,0.0,3.0,0.0,2.7,2.7,1.3,4.0,13.0,39.0,36.0,0.18,0.18,0.36,0.18,0.36,0.16,0.08,0.24,0.16,0.24,Matches,Houston Dash,
Natalie Jacobs,us USA,DF,28-074,16.0,15,1358.0,15.1,0.0,0.0,0.0,0.0,0.0,0.0,1.0,0.0,0.3,0.3,0.2,0.5,8.0,58.0,7.0,0.0,0.0,0.0,0.0,0.0,0.02,0.01,0.04,0.02,0.04,Matches,Houston Dash,
Katie Lind,us USA,DF,31-256,15.0,13,1172.0,13.0,0.0,0.0,0.0,0.0,0.0,0.0,0.0,0.0,0.7,0.7,0.6,1.4,0.0,17.0,0.0,0.0,0.0,0.0,0.0,0.0,0.06,0.05,0.11,0.06,0.11,Matches,Houston Dash,
Kiki Van Zanten,jm JAM,"FW,MF",24-065,17.0,13,1107.0,12.3,2.0,1.0,3.0,2.0,0.0,0.0,1.0,0.0,1.3,1.3,1.4,2.7,24.0,28.0,64.0,0.16,0.08,0.24,0.16,0.24,0.11,0.11,0.22,0.11,0.22,Matches,Houston Dash,
Messiah Bright,us USA,FW,25-290,25.0,11,1174.0,13.0,2.0,1.0,3.0,2.0,0.0,0.0,3.0,0.0,2.8,2.8,1.0,3.8,17.0,14.0,71.0,0.15,0.08,0.23,0.15,0.23,0.22,0.08,0.29,0.22,0.29,Matches,Houston Dash,
Ryan Gareis,us USA,"MF,DF",26-350,19.0,11,986.0,11.0,1.0,3.0,4.0,1.0,0.0,0.0,1.0,0.0,0.7,0.7,1.6,2.3,20.0,21.0,72.0,0.09,0.27,0.37,0.09,0.37,0.06,0.15,0.21,0.06,0.21,Matches,Houston Dash,
Bárbara Olivieri,ve VEN,"FW,MF",23-247,13.0,10,890.0,9.9,2.0,2.0,4.0,2.0,0.0,0.0,3.0,0.0,2.4,2.4,1.6,3.9,13.0,41.0,40.0,0.2,0.2,0.4,0.2,0.4,0.24,0.16,0.4,0.24,0.4,Matches,Houston Dash,
Abby Smith,us USA,GK,32-025,9.0,8,798.0,8.9,0.0,0.0,0.0,0.0,0.0,0.0,0.0,0.0,0.0,0.0,0.0,0.0,0.0,0.0,0.0,0.0,0.0,0.0,0.0,0.0,0.0,0.0,0.0,0.0,0.0,Matches,Houston Dash,
Allysha Chapman,ca CAN,DF,36-277,11.0,8,657.0,7.3,0.0,0.0,0.0,0.0,0.0,0.0,1.0,0.0,0.0,0.0,0.1,0.1,3.0,25.0,7.0,0.0,0.0,0.0,0.0,0.0,0.0,0.02,0.02,0.0,0.02,Matches,Houston Dash,
Christen Westphal,us USA,DF,32-057,8.0,7,529.0,5.9,0.0,0.0,0.0,0.0,0.0,0.0,2.0,0.0,0.0,0.0,0.1,0.1,6.0,28.0,7.0,0.0,0.0,0.0,0.0,0.0,0.0,0.02,0.02,0.0,0.02,Matches,Houston Dash,
Sarah Puntigam,at AUT,MF,33-016,16.0,6,602.0,6.7,0.0,1.0,1.0,0.0,0.0,0.0,2.0,1.0,0.5,0.5,0.7,1.2,2.0,27.0,18.0,0.0,0.15,0.15,0.0,0.15,0.07,0.11,0.18,0.07,0.18,Matches,Houston Dash,
Evelina Duljan,se SWE,"FW,MF",22-170,14.0,5,455.0,5.1,1.0,0.0,1.0,1.0,0.0,0.0,0.0,0.0,0.3,0.3,0.7,1.0,15.0,15.0,35.0,0.2,0.0,0.2,0.2,0.2,0.06,0.13,0.19,0.06,0.19,Matches,Houston Dash,
Malia Berkely,us USA,DF,27-258,5.0,5,449.0,5.0,1.0,0.0,1.0,1.0,0.0,0.0,0.0,0.0,1.0,0.7,0.2,0.8,4.0,12.0,2.0,0.2,0.0,0.2,0.2,0.2,0.19,0.03,0.23,0.13,0.17,Matches,Houston Dash,
Clarissa Larisey,ca CAN,FW,26-119,9.0,5,340.0,3.8,1.0,1.0,2.0,1.0,0.0,0.0,1.0,0.0,0.8,0.8,0.6,1.4,2.0,5.0,10.0,0.26,0.26,0.53,0.26,0.53,0.21,0.15,0.36,0.21,0.36,Matches,Houston Dash,
Michelle Alozie,ng NGA,"DF,MF",28-184,19.0,4,609.0,6.8,1.0,0.0,1.0,1.0,0.0,0.0,2.0,0.0,0.2,0.2,0.2,0.5,19.0,21.0,36.0,0.15,0.0,0.15,0.15,0.15,0.04,0.03,0.07,0.04,0.07,Matches,Houston Dash,
Sophie Schmidt,ca CAN,MF,37-123,10.0,3,218.0,2.4,2.0,0.0,2.0,2.0,0.0,0.0,0.0,0.0,1.5,1.5,0.4,1.9,1.0,7.0,4.0,0.83,0.0,0.83,0.83,0.83,0.62,0.17,0.79,0.62,0.79,Matches,Houston Dash,
Lisa Boattin,it ITA,DF,28-179,4.0,1,172.0,1.9,0.0,0.0,0.0,0.0,0.0,0.0,0.0,0.0,0.0,0.0,0.0,0.0,3.0,8.0,4.0,0.0,0.0,0.0,0.0,0.0,0.0,0.0,0.0,0.0,0.0,Matches,Houston Dash,
Diana Ordoñez,mx MEX,FW,24-033,3.0,1,72.0,0.8,0.0,0.0,0.0,0.0,0.0,0.0,0.0,0.0,0.5,0.5,0.0,0.5,1.0,1.0,1.0,0.0,0.0,0.0,0.0,0.0,0.61,0.0,0.61,0.61,0.61,Matches,Houston Dash,
Ramona Bachmann,ch SUI,MF,34-308,2.0,0,37.0,0.4,0.0,0.0,0.0,0.0,0.0,0.0,0.0,0.0,0.0,0.0,0.0,0.0,0.0,1.0,2.0,0.0,0.0,0.0,0.0,0.0,0.0,0.0,0.0,0.0,0.0,Matches,Houston Dash,
Anna Heilferty,us USA,"MF,DF",26-195,4.0,0,21.0,0.2,0.0,0.0,0.0,0.0,0.0,0.0,0.0,0.0,0.1,0.1,0.0,0.1,0.0,0.0,1.0,0.0,0.0,0.0,0.0,0.0,0.44,0.0,0.44,0.44,0.44,Matches,Houston Dash,
Liz Beardsley,us USA,GK,22-189,0.0,0,,,,,,,,,,,,,,,,,,,,,,,,,,,,Matches,Houston Dash,
Isabella Briede,us USA,MF,27-026,0.0,0,,,,,,,,,,,,,,,,,,,,,,,,,,,,Matches,Houston Dash,
Zoe Matthews,us USA,MF,18-157,0.0,0,,,,,,,,,,,,,,,,,,,,,,,,,,,,Matches,Houston Dash,
Rebeca,br BRA,MF,20-058,0.0,0,,,,,,,,,,,,,,,,,,,,,,,,,,,,Matches,Houston Dash,
Chloe Ricketts,us USA,MF,18-159,0.0,0,,,,,,,,,,,,,,,,,,,,,,,,,,,,Matches,Houston Dash,
Squad Total,,,28.3,25.0,275,2250.0,25.0,25.0,19.0,44.0,25.0,0.0,1.0,28.0,1.0,26.3,25.6,19.9,45.5,338.0,724.0,709.0,1.0,0.76,1.76,1.0,1.76,1.05,0.8,1.85,1.02,1.82,,Houston Dash,
Opponent Total,,,27.3,25.0,275,2250.0,25.0,37.0,26.0,63.0,34.0,3.0,3.0,34.0,0.0,38.4,36.3,28.7,65.0,390.0,900.0,893.0,1.48,1.04,2.52,1.36,2.4,1.54,1.15,2.69,1.45,2.6,,Houston Dash,
Caprice Dydasco,us USA,DF,32-071,25.0,25,2250.0,25.0,0.0,1.0,1.0,0.0,0.0,0.0,4.0,0.0,0.3,0.3,1.9,2.2,37.0,112.0,67.0,0.0,0.04,0.04,0.0,0.04,0.01,0.08,0.09,0.01,0.09,Matches,Bay FC,
Taylor Huff,us USA,"MF,FW",23-074,25.0,25,2133.0,23.7,4.0,1.0,5.0,4.0,0.0,0.0,3.0,0.0,4.7,4.7,2.2,7.0,35.0,93.0,84.0,0.17,0.04,0.21,0.17,0.21,0.2,0.09,0.29,0.2,0.29,Matches,Bay FC,
Jordan Silkowitz,us USA,GK,25-216,23.0,23,2070.0,23.0,0.0,0.0,0.0,0.0,0.0,0.0,2.0,0.0,0.3,0.3,0.0,0.3,0.0,0.0,0.0,0.0,0.0,0.0,0.0,0.0,0.01,0.0,0.01,0.01,0.01,Matches,Bay FC,
Alyssa Malonson,us USA,DF,26-203,25.0,21,1864.0,20.7,1.0,5.0,6.0,1.0,0.0,0.0,4.0,0.0,0.7,0.7,2.8,3.5,45.0,92.0,79.0,0.05,0.24,0.29,0.05,0.29,0.03,0.13,0.17,0.03,0.17,Matches,Bay FC,
Racheal Kundananji,zm ZAM,"FW,MF",25-148,24.0,20,1871.0,20.8,4.0,4.0,8.0,4.0,0.0,0.0,6.0,0.0,6.5,6.5,6.2,12.7,71.0,38.0,173.0,0.19,0.19,0.38,0.19,0.38,0.31,0.3,0.61,0.31,0.61,Matches,Bay FC,
Joelle Anderson,us USA,DF,27-023,19.0,14,1241.0,13.8,1.0,2.0,3.0,1.0,0.0,0.0,2.0,0.0,0.6,0.6,0.3,0.9,3.0,48.0,1.0,0.07,0.15,0.22,0.07,0.22,0.05,0.02,0.07,0.05,0.07,Matches,Bay FC,
Karlie Lema,us USA,"FW,MF",22-122,23.0,14,1234.0,13.7,2.0,1.0,3.0,2.0,0.0,0.0,1.0,0.0,2.7,2.7,1.6,4.3,31.0,16.0,90.0,0.15,0.07,0.22,0.15,0.22,0.2,0.11,0.31,0.2,0.31,Matches,Bay FC,
Rachel Hill,us USA,"FW,MF",30-195,22.0,14,1186.0,13.2,2.0,0.0,2.0,2.0,0.0,0.0,3.0,0.0,3.8,3.8,1.4,5.2,24.0,34.0,83.0,0.15,0.0,0.15,0.15,0.15,0.29,0.11,0.39,0.29,0.39,Matches,Bay FC,
Caroline Conti,us USA,"MF,FW",24-215,20.0,13,1209.0,13.4,3.0,3.0,6.0,0.0,3.0,3.0,3.0,0.0,3.3,1.1,1.4,2.5,9.0,56.0,42.0,0.22,0.22,0.45,0.0,0.22,0.25,0.1,0.35,0.09,0.19,Matches,Bay FC,
Abby Dahlkemper,us USA,DF,32-169,13.0,13,1170.0,13.0,0.0,0.0,0.0,0.0,0.0,0.0,2.0,0.0,0.8,0.8,0.3,1.1,2.0,38.0,2.0,0.0,0.0,0.0,0.0,0.0,0.07,0.02,0.09,0.07,0.09,Matches,Bay FC,
Kiki Pickett,us USA,MF,26-182,19.0,13,1157.0,12.9,2.0,0.0,2.0,2.0,0.0,0.0,4.0,0.0,0.2,0.2,0.3,0.5,2.0,57.0,12.0,0.16,0.0,0.16,0.16,0.16,0.02,0.02,0.04,0.02,0.04,Matches,Bay FC,
Dorian Bailey,us USA,MF,28-274,22.0,12,1188.0,13.2,0.0,0.0,0.0,0.0,0.0,0.0,3.0,0.0,0.8,0.8,1.4,2.2,14.0,48.0,38.0,0.0,0.0,0.0,0.0,0.0,0.06,0.1,0.16,0.06,0.16,Matches,Bay FC,
Hannah Bebar,us USA,MF,24-054,16.0,11,960.0,10.7,0.0,1.0,1.0,0.0,0.0,0.0,1.0,0.0,0.5,0.5,1.8,2.3,10.0,65.0,14.0,0.0,0.09,0.09,0.0,0.09,0.05,0.17,0.22,0.05,0.22,Matches,Bay FC,
Tess Boade,us USA,"MF,FW",26-268,18.0,10,939.0,10.4,0.0,0.0,0.0,0.0,0.0,0.0,0.0,0.0,1.4,1.4,1.8,3.3,12.0,36.0,41.0,0.0,0.0,0.0,0.0,0.0,0.14,0.18,0.31,0.14,0.31,Matches,Bay FC,
Penelope Hocking,us USA,"MF,FW",25-304,17.0,9,819.0,9.1,6.0,1.0,7.0,6.0,0.0,0.0,1.0,0.0,5.3,5.3,0.9,6.1,13.0,24.0,52.0,0.66,0.11,0.77,0.66,0.77,0.58,0.1,0.68,0.58,0.68,Matches,Bay FC,
Sydney Collins,ca CAN,DF,26-051,8.0,7,675.0,7.5,0.0,0.0,0.0,0.0,0.0,0.0,1.0,0.0,0.0,0.0,0.0,0.0,3.0,17.0,0.0,0.0,0.0,0.0,0.0,0.0,0.0,0.0,0.0,0.0,0.0,Matches,Bay FC,
Kelli Hubly,us USA,DF,31-081,9.0,7,653.0,7.3,1.0,0.0,1.0,1.0,0.0,0.0,1.0,0.0,0.5,0.5,0.1,0.6,0.0,9.0,1.0,0.14,0.0,0.14,0.14,0.14,0.07,0.02,0.09,0.07,0.09,Matches,Bay FC,
Asisat Oshoala,ng NGA,FW,31-020,12.0,5,462.0,5.1,0.0,0.0,0.0,0.0,0.0,0.0,1.0,0.0,0.9,0.9,0.3,1.2,6.0,8.0,33.0,0.0,0.0,0.0,0.0,0.0,0.17,0.06,0.23,0.17,0.23,Matches,Bay FC,
Brooklyn Courtnall,ca CAN,DF,22-305,6.0,5,451.0,5.0,0.0,0.0,0.0,0.0,0.0,0.0,0.0,0.0,0.0,0.0,0.0,0.0,2.0,20.0,2.0,0.0,0.0,0.0,0.0,0.0,0.0,0.01,0.01,0.0,0.01,Matches,Bay FC,
Madeline Moreau,us USA,"DF,MF",24-328,14.0,4,386.0,4.3,0.0,0.0,0.0,0.0,0.0,0.0,1.0,0.0,0.7,0.7,0.2,0.9,10.0,11.0,16.0,0.0,0.0,0.0,0.0,0.0,0.16,0.05,0.21,0.16,0.21,Matches,Bay FC,
Jamie Shepherd,us USA,MF,25-020,10.0,3,271.0,3.0,0.0,0.0,0.0,0.0,0.0,0.0,1.0,0.0,0.0,0.0,0.1,0.1,1.0,6.0,2.0,0.0,0.0,0.0,0.0,0.0,0.0,0.04,0.04,0.0,0.04,Matches,Bay FC,
Emily Menges,us USA,DF,33-093,5.0,3,260.0,2.9,0.0,0.0,0.0,0.0,0.0,0.0,1.0,0.0,0.0,0.0,0.0,0.0,2.0,17.0,0.0,0.0,0.0,0.0,0.0,0.0,0.0,0.0,0.0,0.0,0.0,Matches,Bay FC,
Emmie Allen,us USA,GK,23-004,2.0,2,180.0,2.0,0.0,0.0,0.0,0.0,0.0,0.0,0.0,0.0,0.0,0.0,0.0,0.0,0.0,0.0,0.0,0.0,0.0,0.0,0.0,0.0,0.0,0.0,0.0,0.0,0.0,Matches,Bay FC,
Catherine Paulson,us USA,"FW,DF",23-358,6.0,1,96.0,1.1,0.0,0.0,0.0,0.0,0.0,0.0,0.0,0.0,0.2,0.2,0.0,0.2,1.0,1.0,4.0,0.0,0.0,0.0,0.0,0.0,0.14,0.0,0.14,0.14,0.14,Matches,Bay FC,
Jordan Brewster,us USA,DF,26-032,1.0,1,25.0,0.3,0.0,0.0,0.0,0.0,0.0,0.0,0.0,0.0,0.0,0.0,0.0,0.0,0.0,0.0,0.0,0.0,0.0,0.0,0.0,0.0,0.0,0.0,0.0,0.0,0.0,Matches,Bay FC,
Leah Freeman,us USA,GK,23-265,0.0,0,,,,,,,,,,,,,,,,,,,,,,,,,,,,Matches,Bay FC,
Melissa Lowder,us USA,GK,28-273,0.0,0,,,,,,,,,,,,,,,,,,,,,,,,,,,,Matches,Bay FC,
Squad Total,,,26.9,25.0,275,2250.0,25.0,26.0,19.0,45.0,23.0,3.0,3.0,45.0,0.0,33.7,31.6,24.8,56.5,333.0,846.0,836.0,1.04,0.76,1.8,0.92,1.68,1.35,0.99,2.34,1.27,2.26,,Bay FC,
Opponent Total,,,27.4,25.0,275,2250.0,25.0,39.0,34.0,73.0,39.0,0.0,2.0,29.0,0.0,34.0,32.7,25.9,58.6,367.0,835.0,823.0,1.56,1.36,2.92,1.56,2.92,1.36,1.04,2.39,1.31,2.34,,Bay FC,
Taylor Malham,us USA,DF,26-162,25.0,25,2250.0,25.0,0.0,1.0,1.0,0.0,0.0,0.0,3.0,0.0,0.3,0.3,1.8,2.1,29.0,80.0,61.0,0.0,0.04,0.04,0.0,0.04,0.01,0.07,0.08,0.01,0.08,Matches,Chicago Red Stars,
Samantha Staab,us USA,DF,28-215,25.0,24,2072.0,23.0,2.0,4.0,6.0,2.0,0.0,0.0,2.0,0.0,1.7,1.7,2.0,3.7,8.0,73.0,9.0,0.09,0.17,0.26,0.09,0.26,0.07,0.09,0.16,0.07,0.16,Matches,Chicago Red Stars,
Julia Grosso,ca CAN,"MF,FW",25-061,24.0,23,1986.0,22.1,2.0,3.0,5.0,2.0,0.0,0.0,1.0,0.0,1.7,1.7,3.0,4.7,31.0,104.0,66.0,0.09,0.14,0.23,0.09,0.23,0.08,0.13,0.21,0.08,0.21,Matches,Chicago Red Stars,
Ally Schlegel,us USA,"FW,MF",25-264,25.0,23,1934.0,21.5,2.0,5.0,7.0,2.0,0.0,0.0,2.0,0.0,6.1,6.1,2.8,8.9,19.0,81.0,62.0,0.09,0.23,0.33,0.09,0.33,0.28,0.13,0.41,0.28,0.41,Matches,Chicago Red Stars,
Alyssa Naeher,us USA,GK,37-192,22.0,22,1979.0,22.0,1.0,0.0,1.0,1.0,0.0,0.0,0.0,0.0,0.9,0.9,0.1,1.0,0.0,0.0,0.0,0.05,0.0,0.05,0.05,0.05,0.04,0.0,0.05,0.04,0.05,Matches,Chicago Red Stars,
Ludmila,br BRA,FW,30-332,23.0,21,1805.0,20.1,10.0,1.0,11.0,10.0,0.0,0.0,3.0,0.0,5.6,5.6,2.6,8.2,52.0,40.0,143.0,0.5,0.05,0.55,0.5,0.55,0.28,0.13,0.41,0.28,0.41,Matches,Chicago Red Stars,
Maitane López Millán,es ESP,MF,30-230,22.0,20,1650.0,18.3,0.0,2.0,2.0,0.0,0.0,0.0,1.0,0.0,0.5,0.5,0.5,1.0,7.0,51.0,12.0,0.0,0.11,0.11,0.0,0.11,0.03,0.02,0.05,0.03,0.05,Matches,Chicago Red Stars,
Bea Franklin,us USA,"MF,DF",25-025,22.0,17,1652.0,18.4,3.0,1.0,4.0,3.0,0.0,0.0,4.0,0.0,2.0,2.0,1.7,3.7,2.0,47.0,20.0,0.16,0.05,0.22,0.16,0.22,0.11,0.09,0.2,0.11,0.2,Matches,Chicago Red Stars,
Camryn Biegalski,us USA,DF,27-079,19.0,15,1478.0,16.4,1.0,1.0,2.0,1.0,0.0,0.0,2.0,0.0,0.7,0.7,0.8,1.5,28.0,51.0,33.0,0.06,0.06,0.12,0.06,0.12,0.04,0.05,0.09,0.04,0.09,Matches,Chicago Red Stars,
Jameese Joseph,us USA,"FW,MF",23-179,20.0,15,1305.0,14.5,3.0,2.0,5.0,3.0,0.0,0.0,2.0,0.0,3.7,3.7,1.8,5.5,49.0,22.0,93.0,0.21,0.14,0.34,0.21,0.34,0.26,0.12,0.38,0.26,0.38,Matches,Chicago Red Stars,
Cari Roccaro,us USA,"DF,MF",31-103,14.0,14,1206.0,13.4,0.0,0.0,0.0,0.0,0.0,0.0,2.0,0.0,0.0,0.0,0.0,0.0,0.0,18.0,1.0,0.0,0.0,0.0,0.0,0.0,0.0,0.0,0.0,0.0,0.0,Matches,Chicago Red Stars,
Kathrin Hendrich,de GER,DF,33-206,12.0,11,1009.0,11.2,0.0,0.0,0.0,0.0,0.0,0.0,0.0,0.0,0.5,0.5,0.2,0.7,8.0,24.0,0.0,0.0,0.0,0.0,0.0,0.0,0.04,0.02,0.06,0.04,0.06,Matches,Chicago Red Stars,
Shea Groom,us USA,"FW,MF",32-239,14.0,9,789.0,8.8,2.0,0.0,2.0,2.0,0.0,0.0,1.0,0.0,0.8,0.8,1.5,2.3,12.0,27.0,32.0,0.23,0.0,0.23,0.23,0.23,0.09,0.17,0.26,0.09,0.26,Matches,Chicago Red Stars,
Manaka Hayashi,jp JPN,MF,21-074,16.0,7,639.0,7.1,0.0,1.0,1.0,0.0,0.0,0.0,1.0,0.0,0.4,0.4,1.3,1.6,6.0,16.0,16.0,0.0,0.14,0.14,0.0,0.14,0.05,0.18,0.23,0.05,0.23,Matches,Chicago Red Stars,
Nádia Gomes,pt POR,"FW,MF",28-354,18.0,6,579.0,6.4,2.0,1.0,3.0,2.0,0.0,0.0,1.0,0.0,1.2,1.2,1.0,2.2,15.0,11.0,49.0,0.31,0.16,0.47,0.31,0.47,0.18,0.16,0.34,0.18,0.34,Matches,Chicago Red Stars,
Jenna Bike,us USA,"FW,MF",27-269,8.0,6,428.0,4.8,0.0,0.0,0.0,0.0,0.0,0.0,0.0,0.0,0.7,0.7,0.5,1.2,5.0,6.0,30.0,0.0,0.0,0.0,0.0,0.0,0.14,0.11,0.24,0.14,0.24,Matches,Chicago Red Stars,
Natalia Kuikka,fi FIN,DF,29-332,6.0,5,348.0,3.9,0.0,0.0,0.0,0.0,0.0,0.0,0.0,0.0,0.4,0.4,0.0,0.4,7.0,15.0,5.0,0.0,0.0,0.0,0.0,0.0,0.1,0.0,0.1,0.1,0.1,Matches,Chicago Red Stars,
Hannah Anderson,us USA,DF,24-209,11.0,4,470.0,5.2,0.0,0.0,0.0,0.0,0.0,0.0,0.0,0.0,0.4,0.4,0.0,0.5,0.0,8.0,1.0,0.0,0.0,0.0,0.0,0.0,0.09,0.0,0.09,0.09,0.09,Matches,Chicago Red Stars,
Halle Mackiewicz,us USA,GK,24-035,4.0,3,271.0,3.0,0.0,0.0,0.0,0.0,0.0,0.0,0.0,0.0,0.0,0.0,0.0,0.0,0.0,0.0,0.0,0.0,0.0,0.0,0.0,0.0,0.0,0.0,0.0,0.0,0.0,Matches,Chicago Red Stars,
Sam Cary,us USA,DF,25-003,4.0,3,200.0,2.2,0.0,0.0,0.0,0.0,0.0,0.0,0.0,0.0,0.0,0.0,0.0,0.0,3.0,8.0,6.0,0.0,0.0,0.0,0.0,0.0,0.0,0.02,0.02,0.0,0.02,Matches,Chicago Red Stars,
Leilanni Nesbeth,bm BER,"MF,FW",24-104,9.0,1,153.0,1.7,0.0,0.0,0.0,0.0,0.0,0.0,5.0,0.0,0.0,0.0,0.3,0.3,2.0,4.0,7.0,0.0,0.0,0.0,0.0,0.0,0.01,0.15,0.16,0.01,0.16,Matches,Chicago Red Stars,
Justina Gaynor,us USA,DF,23-312,2.0,1,72.0,0.8,0.0,0.0,0.0,0.0,0.0,0.0,1.0,0.0,0.0,0.0,0.1,0.1,0.0,2.0,0.0,0.0,0.0,0.0,0.0,0.0,0.0,0.17,0.17,0.0,0.17,Matches,Chicago Red Stars,
Micayla Johnson,us USA,"MF,FW",17-284,15.0,0,166.0,1.8,1.0,0.0,1.0,1.0,0.0,0.0,0.0,0.0,0.5,0.5,0.3,0.7,5.0,4.0,9.0,0.54,0.0,0.54,0.54,0.54,0.26,0.14,0.4,0.26,0.4,Matches,Chicago Red Stars,
Ivonne Chacón,co COL,"FW,MF",28-017,4.0,0,92.0,1.0,1.0,1.0,2.0,1.0,0.0,0.0,0.0,0.0,0.8,0.8,0.2,1.0,3.0,0.0,8.0,0.98,0.98,1.96,0.98,1.96,0.74,0.2,0.94,0.74,0.94,Matches,Chicago Red Stars,
Ava Cook,us USA,"FW,DF",25-116,9.0,0,89.0,1.0,0.0,0.0,0.0,0.0,0.0,0.0,1.0,0.0,0.0,0.0,0.1,0.1,0.0,1.0,7.0,0.0,0.0,0.0,0.0,0.0,0.0,0.05,0.05,0.0,0.05,Matches,Chicago Red Stars,
Chardonnay Curran,us USA,"MF,FW",26-072,6.0,0,79.0,0.9,0.0,0.0,0.0,0.0,0.0,0.0,1.0,0.0,0.2,0.2,0.0,0.2,3.0,3.0,7.0,0.0,0.0,0.0,0.0,0.0,0.19,0.0,0.19,0.19,0.19,Matches,Chicago Red Stars,
Catherine Barry,us USA,FW,23-317,4.0,0,49.0,0.5,0.0,0.0,0.0,0.0,0.0,0.0,0.0,0.0,0.3,0.3,0.0,0.3,0.0,1.0,4.0,0.0,0.0,0.0,0.0,0.0,0.48,0.0,0.48,0.48,0.48,Matches,Chicago Red Stars,
Meg Boade,,MF,,0.0,0,,,,,,,,,,,,,,,,,,,,,,,,,,,,Matches,Chicago Red Stars,
Sarah Griffith,us USA,FW,26-080,0.0,0,,,,,,,,,,,,,,,,,,,,,,,,,,,,Matches,Chicago Red Stars,
Stephanie Sparkowski,,GK,,0.0,0,,,,,,,,,,,,,,,,,,,,,,,,,,,,Matches,Chicago Red Stars,
Mackenzie Wood,us USA,GK,25-117,0.0,0,,,,,,,,,,,,,,,,,,,,,,,,,,,,Matches,Chicago Red Stars,
Squad Total,,,28.3,25.0,275,2250.0,25.0,30.0,23.0,53.0,30.0,0.0,0.0,33.0,0.0,28.2,28.2,22.2,50.4,294.0,697.0,681.0,1.2,0.92,2.12,1.2,2.12,1.13,0.89,2.02,1.13,2.02,,Chicago Red Stars,
Opponent Total,,,27.1,25.0,275,2250.0,25.0,49.0,30.0,79.0,45.0,4.0,5.0,23.0,0.0,44.2,40.5,29.4,70.0,443.0,971.0,958.0,1.96,1.2,3.16,1.8,3.0,1.77,1.18,2.94,1.62,2.8,,Chicago Red Stars,
Kate Del Fava,us USA,DF,27-098,25.0,25,2250.0,25.0,0.0,1.0,1.0,0.0,0.0,0.0,5.0,0.0,1.4,1.4,0.5,1.8,12.0,98.0,10.0,0.0,0.04,0.04,0.0,0.04,0.06,0.02,0.07,0.06,0.07,Matches,Utah Royals FC,
Amanda McGlynn,us USA,GK,26-360,23.0,23,2070.0,23.0,0.0,1.0,1.0,0.0,0.0,0.0,3.0,0.0,0.0,0.0,0.8,0.8,1.0,0.0,0.0,0.0,0.04,0.04,0.0,0.04,0.0,0.03,0.03,0.0,0.03,Matches,Utah Royals FC,
Claudia Zornoza,es ESP,MF,35-009,23.0,23,1916.0,21.3,1.0,2.0,3.0,1.0,0.0,0.0,2.0,0.0,1.1,1.1,2.9,4.0,24.0,110.0,24.0,0.05,0.09,0.14,0.05,0.14,0.05,0.14,0.19,0.05,0.19,Matches,Utah Royals FC,
Mina Tanaka,jp JPN,"MF,FW",31-184,22.0,21,1898.0,21.1,6.0,1.0,7.0,5.0,1.0,1.0,2.0,0.0,5.5,4.7,1.4,6.1,26.0,67.0,77.0,0.28,0.05,0.33,0.24,0.28,0.26,0.07,0.32,0.22,0.29,Matches,Utah Royals FC,
Nuria Rábano,es ESP,DF,26-136,21.0,20,1553.0,17.3,0.0,2.0,2.0,0.0,0.0,0.0,5.0,0.0,0.1,0.1,1.5,1.6,28.0,51.0,21.0,0.0,0.12,0.12,0.0,0.12,0.01,0.08,0.09,0.01,0.09,Matches,Utah Royals FC,
Janni Thomsen,dk DEN,"DF,FW",25-255,25.0,19,1743.0,19.4,3.0,0.0,3.0,3.0,0.0,0.0,1.0,0.0,1.2,1.2,0.9,2.1,57.0,42.0,67.0,0.15,0.0,0.15,0.15,0.15,0.06,0.05,0.11,0.06,0.11,Matches,Utah Royals FC,
Ana Tejada,es ESP,"MF,DF",23-149,22.0,19,1581.0,17.6,0.0,0.0,0.0,0.0,0.0,0.0,6.0,1.0,0.3,0.3,0.7,0.9,3.0,51.0,7.0,0.0,0.0,0.0,0.0,0.0,0.01,0.04,0.05,0.01,0.05,Matches,Utah Royals FC,
Aisha Solórzano,gt GUA,FW,27-199,20.0,15,1088.0,12.1,1.0,0.0,1.0,1.0,0.0,0.0,2.0,0.0,1.8,1.8,0.9,2.6,10.0,18.0,51.0,0.08,0.0,0.08,0.08,0.08,0.15,0.07,0.22,0.15,0.22,Matches,Utah Royals FC,
Brecken Mozingo,us USA,"FW,MF",24-235,22.0,13,1145.0,12.7,3.0,0.0,3.0,3.0,0.0,0.0,0.0,0.0,2.0,2.0,1.7,3.8,30.0,17.0,75.0,0.24,0.0,0.24,0.24,0.24,0.16,0.13,0.29,0.16,0.29,Matches,Utah Royals FC,
Ally Sentnor,us USA,"FW,MF",21-253,13.0,13,1126.0,12.5,1.0,1.0,2.0,0.0,1.0,1.0,0.0,0.0,2.1,1.4,1.5,2.9,23.0,33.0,61.0,0.08,0.08,0.16,0.0,0.08,0.17,0.12,0.29,0.11,0.23,Matches,Utah Royals FC,
Paige Monaghan,us USA,"FW,DF",28-350,15.0,13,975.0,10.8,4.0,2.0,6.0,4.0,0.0,0.0,4.0,0.0,2.9,2.9,0.6,3.5,21.0,21.0,44.0,0.37,0.18,0.55,0.37,0.55,0.27,0.06,0.33,0.27,0.33,Matches,Utah Royals FC,
Bianca St-Georges,ca CAN,FW,28-093,21.0,11,1048.0,11.6,3.0,0.0,3.0,3.0,0.0,0.0,4.0,0.0,4.8,4.8,1.1,6.0,26.0,13.0,72.0,0.26,0.0,0.26,0.26,0.26,0.42,0.1,0.51,0.42,0.51,Matches,Utah Royals FC,
Dana Foederer,nl NED,MF,23-094,23.0,10,1039.0,11.5,0.0,0.0,0.0,0.0,0.0,0.0,3.0,0.0,0.5,0.5,0.4,0.9,4.0,37.0,20.0,0.0,0.0,0.0,0.0,0.0,0.04,0.03,0.08,0.04,0.08,Matches,Utah Royals FC,
Kaleigh Riehl,us USA,DF,29-008,12.0,10,831.0,9.2,1.0,1.0,2.0,1.0,0.0,0.0,1.0,0.0,0.2,0.2,0.1,0.3,1.0,12.0,1.0,0.11,0.11,0.22,0.11,0.22,0.02,0.01,0.03,0.02,0.03,Matches,Utah Royals FC,
Cloé Lacasse,ca CAN,FW,32-114,11.0,7,640.0,7.1,1.0,1.0,2.0,1.0,0.0,0.0,3.0,0.0,0.8,0.8,1.2,2.0,25.0,5.0,49.0,0.14,0.14,0.28,0.14,0.28,0.12,0.16,0.28,0.12,0.28,Matches,Utah Royals FC,
Lauren Flynn,us USA,DF,23-160,8.0,6,609.0,6.8,0.0,0.0,0.0,0.0,0.0,0.0,2.0,0.0,0.0,0.0,0.0,0.0,0.0,13.0,0.0,0.0,0.0,0.0,0.0,0.0,0.0,0.0,0.0,0.0,0.0,Matches,Utah Royals FC,
Aria Nagai,,MF,,10.0,6,534.0,5.9,0.0,0.0,0.0,0.0,0.0,0.0,1.0,0.0,0.0,0.0,0.1,0.1,2.0,19.0,5.0,0.0,0.0,0.0,0.0,0.0,0.0,0.02,0.02,0.0,0.02,Matches,Utah Royals FC,
Madison Pogarch,us USA,DF,27-358,17.0,5,724.0,8.0,0.0,0.0,0.0,0.0,0.0,0.0,2.0,0.0,0.1,0.1,0.2,0.4,7.0,21.0,12.0,0.0,0.0,0.0,0.0,0.0,0.02,0.03,0.05,0.02,0.05,Matches,Utah Royals FC,
Imani Dorsey,us USA,DF,29-222,16.0,5,632.0,7.0,0.0,0.0,0.0,0.0,0.0,0.0,2.0,0.0,0.4,0.4,0.2,0.7,9.0,23.0,22.0,0.0,0.0,0.0,0.0,0.0,0.06,0.03,0.09,0.06,0.09,Matches,Utah Royals FC,
Cecelia Kizer,us USA,"FW,MF",28-113,10.0,5,414.0,4.6,1.0,0.0,1.0,1.0,0.0,0.0,0.0,0.0,0.4,0.4,0.4,0.9,5.0,9.0,17.0,0.22,0.0,0.22,0.22,0.22,0.1,0.1,0.19,0.1,0.19,Matches,Utah Royals FC,
Macey Fraser,nz NZL,FW,23-110,5.0,2,190.0,2.1,0.0,0.0,0.0,0.0,0.0,0.0,0.0,0.0,0.2,0.2,0.0,0.2,0.0,8.0,7.0,0.0,0.0,0.0,0.0,0.0,0.08,0.02,0.1,0.08,0.1,Matches,Utah Royals FC,
Mia Justus,us USA,GK,23-056,2.0,2,180.0,2.0,0.0,0.0,0.0,0.0,0.0,0.0,1.0,0.0,0.0,0.0,0.0,0.0,0.0,0.0,0.0,0.0,0.0,0.0,0.0,0.0,0.0,0.01,0.01,0.0,0.01,Matches,Utah Royals FC,
KK Ream,us USA,"FW,MF",16-114,9.0,1,180.0,2.0,1.0,0.0,1.0,1.0,0.0,0.0,0.0,0.0,0.7,0.7,0.6,1.3,4.0,1.0,7.0,0.5,0.0,0.5,0.5,0.5,0.33,0.31,0.65,0.33,0.65,Matches,Utah Royals FC,
Mikayla Cluff,us USA,MF,26-246,7.0,1,155.0,1.7,0.0,0.0,0.0,0.0,0.0,0.0,1.0,0.0,0.1,0.1,0.0,0.1,0.0,7.0,5.0,0.0,0.0,0.0,0.0,0.0,0.04,0.02,0.06,0.04,0.06,Matches,Utah Royals FC,
Lara Prašnikar,si SVN,"FW,DF",27-082,4.0,0,119.0,1.3,0.0,0.0,0.0,0.0,0.0,0.0,1.0,0.0,0.2,0.2,0.4,0.6,2.0,3.0,8.0,0.0,0.0,0.0,0.0,0.0,0.15,0.29,0.44,0.15,0.44,Matches,Utah Royals FC,
Ana María Guzmán,co COL,"DF,FW",20-140,5.0,0,78.0,0.9,0.0,0.0,0.0,0.0,0.0,0.0,0.0,0.0,0.0,0.0,0.0,0.0,0.0,2.0,5.0,0.0,0.0,0.0,0.0,0.0,0.03,0.02,0.05,0.03,0.05,Matches,Utah Royals FC,
Sydney Jones,,FW,,1.0,0,7.0,0.1,0.0,0.0,0.0,0.0,0.0,0.0,0.0,0.0,0.0,0.0,0.0,0.0,0.0,0.0,4.0,0.0,0.0,0.0,0.0,0.0,0.0,0.0,0.0,0.0,0.0,Matches,Utah Royals FC,
Alex Loera,us USA,MF,26-132,1.0,0,7.0,0.1,0.0,0.0,0.0,0.0,0.0,0.0,0.0,0.0,0.0,0.0,0.0,0.0,0.0,2.0,0.0,0.0,0.0,0.0,0.0,0.0,0.21,0.0,0.21,0.21,0.21,Matches,Utah Royals FC,
Abby Boyan,,MF,,0.0,0,,,,,,,,,,,,,,,,,,,,,,,,,,,,Matches,Utah Royals FC,
Lauren Gogal,,DF,,0.0,0,,,,,,,,,,,,,,,,,,,,,,,,,,,,Matches,Utah Royals FC,
DeAira Jackson,us USA,GK,23-220,0.0,0,,,,,,,,,,,,,,,,,,,,,,,,,,,,Matches,Utah Royals FC,
Tatumn Milazzo,us USA,DF,27-195,0.0,0,,,,,,,,,,,,,,,,,,,,,,,,,,,,Matches,Utah Royals FC,
Cristina Roque,pr PUR,GK,23-357,0.0,0,,,,,,,,,,,,,,,,,,,,,,,,,,,,Matches,Utah Royals FC,
Squad Total,,,27.4,25.0,275,2250.0,25.0,26.0,12.0,38.0,24.0,2.0,2.0,51.0,1.0,26.4,25.0,18.1,43.0,320.0,683.0,671.0,1.04,0.48,1.52,0.96,1.44,1.06,0.72,1.78,1.0,1.72,,Utah Royals FC,
Opponent Total,,,27.3,25.0,275,2250.0,25.0,40.0,25.0,65.0,36.0,4.0,6.0,42.0,2.0,44.0,39.6,27.9,67.5,359.0,847.0,831.0,1.6,1.0,2.6,1.44,2.44,1.76,1.12,2.88,1.58,2.7,,Utah Royals FC,
